X_cadv,Y_cadv,V_cadv,a_cadv,A_cadv,V_cadv_x,V_cadv_y,TH,X_left_front,Y_left_front,X_left,Y_left,X_left_behind,Y_left_behind,X_front,Y_front,X_behind,Y_behind,X_right_front,Y_right_front,X_right,Y_right,X_right_behind,Y_right_behind,V_x_left_front,V_y_left_front,V_x_left,V_y_left,V_x_left_behind,V_y_left_behind,V_x_front,V_y_front,V_x_behind,V_y_behind,V_x_right_front,V_y_right_front,V_x_right,V_y_right,V_x_right_behind,V_y_right_behind,V,K,Q,TOT
1.285680518,35.01983028,-3.96,1.52,3.11,0.36,-10.03,9999,9999,9999,9999,9999,9999,9999,9999,9999,9999,9999,-2.6514329,-10.86927554,9999,9999,9999,9999,9999,9999,9999,9999,9999,9999,9999,9999,9999,9999,-2.6514329,-10.86927554,9999,9999,9999,9999,14.61142857,0.479077043,7,6.424
-4.035639188,64.92936595,4.97,2.71,-0.09,-2.14,24.02,9999,6.177038384,-225.6166014,9999,9999,9999,9999,9999,9999,9999,9999,9999,9999,9999,9999,9999,9999,6.177038384,-225.6166014,9999,9999,9999,9999,9999,9999,9999,9999,9999,9999,9999,9999,9999,9999,17.05333333,0.175918686,3,5.371
1.617445889,35.29130313,-6.58,-0.36,3.12,0.52,-24.57,-1,9999,9999,9999,9999,9999,9999,9999,9999,-0.525992768,16.96641074,9999,9999,9999,9999,-5.294286954,23.53050708,9999,9999,9999,9999,9999,9999,9999,9999,-0.525992768,16.96641074,9999,9999,9999,9999,-5.294286954,23.53050708,16.83333333,0.178217822,3,5.458
-3.320898433,60.9486862,5.56,0,0,20,0,9999,9999,9999,9999,9999,9999,9999,9999,9999,9999,9999,9999,9999,9999,9999,9999,9999,9999,9999,9999,9999,9999,9999,9999,9999,9999,9999,9999,9999,9999,9999,9999,9999,21.705,0.092144667,2,5.003
1.395081321,36.16871388,5.56,0,0,20,0,9999,9999,9999,9999,9999,9999,9999,0.514514332,-4.757675654,9999,9999,9999,9999,9999,9999,9999,9999,9999,9999,9999,9999,9999,9999,0.514514332,-4.757675654,9999,9999,9999,9999,9999,9999,9999,9999,13.86333333,0.432796345,6,4.674
-0.56454682,64.70542591,6.21,0.76,-0.1,-2.49,23.85,9999,9999,9999,9999,9999,3.037361068,10.73118148,9999,9999,9999,9999,9999,9999,9999,9999,9999,9999,9999,9999,9999,9999,3.037361068,10.73118148,9999,9999,9999,9999,9999,9999,9999,9999,9999,9999,6.93,0.144300144,1,6.995
4.358688839,38.80822688,5.56,0,0,20,0,9999,9999,9999,9999,9999,9999,9999,9999,9999,9999,9999,9999,9999,9999,9999,9999,9999,9999,9999,9999,9999,9999,9999,9999,9999,9999,9999,9999,9999,9999,9999,9999,9999,16.9975,0.235328725,4,5.627
4.660403028,35.36006494,-2.67,0.18,-3.14,-0.03,-9.2,9999,9999,9999,9999,9999,9999,9999,9999,9999,9999,9999,9999,9999,9999,9999,-6.653872883,8.84875465,9999,9999,9999,9999,9999,9999,9999,9999,9999,9999,9999,9999,9999,9999,-6.653872883,8.84875465,14.684,0.340506674,5,6.783
-1.250139831,47.44349855,5.56,0,0,20,0,9999,9999,9999,9999,9999,9999,9999,-0.822765579,-4.261068774,9999,9999,9999,9999,9999,9999,9999,9999,9999,9999,9999,9999,9999,9999,-0.822765579,-4.261068774,9999,9999,9999,9999,9999,9999,9999,9999,20.055,0.099725754,2,5.357
-0.39988447,35.57177965,-2.96,-2.01,-3.06,-1.26,-15,-1,9999,9999,9999,9999,1.902334249,21.11283637,9999,9999,9999,9999,9999,9999,9999,9999,9999,9999,9999,9999,9999,9999,1.902334249,21.11283637,9999,9999,9999,9999,9999,9999,9999,9999,9999,9999,17.79428571,0.393384714,7,4.994
2.686867145,64.77430582,7.38,-0.47,-0.18,-4.48,25.15,0,9999,9999,9999,9999,9999,9999,9999,9999,9999,9999,-3.766751482,-2.791518254,9999,9999,9999,9999,9999,9999,9999,9999,9999,9999,9999,9999,9999,9999,-3.766751482,-2.791518254,9999,9999,9999,9999,17.435,0.114711787,2,7.228
-1.783371515,38.98457826,5.56,0,0,20,0,0,9999,9999,9999,9999,9999,9999,9999,9999,9999,9999,9999,9999,9999,9999,9999,9999,9999,9999,9999,9999,9999,9999,9999,9999,9999,9999,9999,9999,9999,9999,9999,9999,3.36,0.297619048,1,4.626
0.466861477,64.22848497,6.13,-1.23,-0.05,-0.93,18.77,1,9999,9999,9999,9999,9999,9999,9999,9999,9999,9999,9999,9999,9999,9999,9999,9999,9999,9999,9999,9999,9999,9999,9999,9999,9999,9999,9999,9999,9999,9999,9999,9999,17.125,0.233576642,4,4.628
-3.22672806,63.36242072,5.56,0,0,20,0,9999,4.501287331,-42.95545239,9999,9999,9999,9999,9999,9999,9999,9999,9999,9999,9999,9999,9999,9999,4.501287331,-42.95545239,9999,9999,9999,9999,9999,9999,9999,9999,9999,9999,9999,9999,9999,9999,15.238,0.328127051,5,5.412
-4.673175344,64.42426886,4.14,0.01,0.03,0.41,14.97,9999,9999,9999,9999,9999,9999,9999,0.283652278,-16.2673283,-0.07022571,0.230151496,9999,9999,9999,9999,9999,9999,9999,9999,9999,9999,9999,9999,0.283652278,-16.2673283,-0.07022571,0.230151496,9999,9999,9999,9999,9999,9999,13.644,0.732922897,10,5.606
-3.771824309,62.19763393,4.17,0.49,0.03,0.46,16.04,9999,9999,9999,9999,9999,9999,9999,9999,9999,9999,9999,9999,9999,9999,9999,9999,9999,9999,9999,9999,9999,9999,9999,9999,9999,9999,9999,9999,9999,9999,9999,9999,9999,12.9225,0.309537628,4,10.546
2.866492767,35.02709274,-7.39,-0.14,3.06,2.25,-26.8,-1,9999,9999,9999,9999,9999,9999,9999,9999,9999,9999,9999,9999,9999,9999,-4.114019123,45.2341486,9999,9999,9999,9999,9999,9999,9999,9999,9999,9999,9999,9999,9999,9999,-4.114019123,45.2341486,23.6194367,0.004280466,1,5.667
-3.608139693,62.871874,5.28,-0.12,-0.02,-0.34,18.77,9999,9999,9999,9999,9999,9999,9999,9999,9999,9999,9999,9999,9999,9999,9999,9999,9999,9999,9999,9999,9999,9999,9999,9999,9999,9999,9999,9999,9999,9999,9999,9999,9999,10.18,0.098231827,1,4.8
6.110249594,61.21292292,5.56,0,0,20,0,1,9999,9999,9999,9999,9999,9999,9999,9999,9999,9999,-3.592433451,-21.10556682,9999,9999,9999,9999,9999,9999,9999,9999,9999,9999,9999,9999,9999,9999,-3.592433451,-21.10556682,9999,9999,9999,9999,13.84,0.433526012,6,6.954
1.079706428,63.80608687,9.41,-1.72,-0.05,-1.6,30.18,1,9999,9999,9999,9999,9999,9999,9999,9999,9999,9999,-3.67465373,-40.76299215,9999,9999,9999,9999,9999,9999,9999,9999,9999,9999,9999,9999,9999,9999,-3.67465373,-40.76299215,9999,9999,9999,9999,18.142,0.275603572,5,7.47
1.827186156,36.03407479,-6.36,-0.97,3.14,0.13,-25.74,-1,9999,9999,9999,9999,9999,9999,9999,9999,-0.975373209,4.284601664,9999,9999,9999,9999,9999,9999,9999,9999,9999,9999,9999,9999,9999,9999,-0.975373209,4.284601664,9999,9999,9999,9999,9999,9999,21.524,0.464597658,10,7.617
1.024816411,64.81254151,9.36,-1.55,0,-0.05,30.76,1,9999,9999,9999,9999,9999,9999,9999,9999,9999,9999,-5.588270213,-25.43437907,9999,9999,9999,9999,9999,9999,9999,9999,9999,9999,9999,9999,9999,9999,-5.588270213,-25.43437907,9999,9999,9999,9999,11.995,0.16673614,2,6.112
-1.163735538,64.26501533,2.16,-4.85,2.89,0.65,-2.58,3,2.802562648,-22.23116922,9999,9999,9999,9999,-0.768735255,-8.8845629,9999,9999,-1.982903129,-13.68545184,9999,9999,9999,9999,2.802562648,-22.23116922,9999,9999,9999,9999,-0.768735255,-8.8845629,9999,9999,-1.982903129,-13.68545184,9999,9999,9999,9999,13.913,0.718752246,10,5.203
-5.850328348,55.88601379,5.56,0,0,20,0,9999,9999,9999,9999,9999,9999,9999,0.117893447,-0.161191568,9999,9999,9999,9999,9999,9999,9999,9999,9999,9999,9999,9999,9999,9999,0.117893447,-0.161191568,9999,9999,9999,9999,9999,9999,9999,9999,15.61,0.192184497,3,4.869
6.159642034,62.2276212,5.56,0,0,20,0,0,9999,9999,9999,9999,9999,9999,9999,9999,9999,9999,9999,9999,9999,9999,9999,9999,9999,9999,9999,9999,9999,9999,9999,9999,9999,9999,9999,9999,9999,9999,9999,9999,10.76333333,0.278724063,3,5.439
-3.596612338,63.44281214,5.56,0,0,20,0,9999,9999,9999,9999,9999,2.552748448,174.8391723,9999,9999,9999,9999,9999,9999,9999,9999,9999,9999,9999,9999,9999,9999,2.552748448,174.8391723,9999,9999,9999,9999,9999,9999,9999,9999,9999,9999,18.77571429,0.372822035,7,9.288
4.051730151,35.27944006,-3.14,0.25,-3.12,-0.2,-10.75,9999,9999,9999,9999,9999,9999,9999,9999,9999,9999,9999,9999,9999,9999,9999,9999,9999,9999,9999,9999,9999,9999,9999,9999,9999,9999,9999,9999,9999,9999,9999,9999,9999,11.7,0.427350427,5,4.659
-1.070891894,64.99095806,5.56,0,0,20,0,2,4.441783627,-43.17024359,9999,9999,9999,9999,9999,9999,9999,9999,9999,9999,9999,9999,9999,9999,4.441783627,-43.17024359,9999,9999,9999,9999,9999,9999,9999,9999,9999,9999,9999,9999,9999,9999,13.75125,0.581765294,8,5.459
-1.767983906,35.3363853,-6.23,-0.47,3.07,1.63,-23.38,-1,9999,9999,9999,9999,3.469569742,6.998957529,9999,9999,9999,9999,9999,9999,9999,9999,9999,9999,9999,9999,9999,9999,3.469569742,6.998957529,9999,9999,9999,9999,9999,9999,9999,9999,9999,9999,18.44666667,0.325262017,6,7.22
-4.306836548,59.53529627,5.56,0,0,20,0,9999,8.676810458,-39.14335628,3.02903222,1.670519073,9999,9999,-0.172000953,-12.61728978,0.018438987,0.000324677,9999,9999,9999,9999,9999,9999,8.676810458,-39.14335628,3.02903222,1.670519073,9999,9999,-0.172000953,-12.61728978,0.018438987,0.000324677,9999,9999,9999,9999,9999,9999,18.00928571,0.77737675,14,5.468
4.87217778,35.29784948,-1.14,-0.49,3.13,0.08,-5.15,9999,9999,9999,9999,9999,9999,9999,9999,9999,9999,9999,-2.545031658,-2.672252293,9999,9999,9999,9999,9999,9999,9999,9999,9999,9999,9999,9999,9999,9999,-2.545031658,-2.672252293,9999,9999,9999,9999,12.595,0.317586344,4,5.024
1.316962967,35.01997397,-6.12,-0.87,3.06,1.96,-23.85,-1,9999,9999,9999,9999,9999,9999,9999,9999,9999,9999,-1.850088113,-35.0274663,9999,9999,9999,9999,9999,9999,9999,9999,9999,9999,9999,9999,9999,9999,-1.850088113,-35.0274663,9999,9999,9999,9999,233.6194367,0.004280466,1,6.835
6.054053214,54.35385943,5.56,0,0,20,0,1,9999,9999,9999,9999,9999,9999,9999,9999,9999,9999,9999,9999,9999,9999,9999,9999,9999,9999,9999,9999,9999,9999,9999,9999,9999,9999,9999,9999,9999,9999,9999,9999,9.4425,0.847233254,8,5.498
2.184030734,62.98246374,5.56,0,0,20,0,9999,9999,9999,9999,9999,9999,9999,1.297525077,-42.40134117,-0.141234853,0.890700275,9999,9999,9999,9999,9999,9999,9999,9999,9999,9999,9999,9999,1.297525077,-42.40134117,-0.141234853,0.890700275,9999,9999,9999,9999,9999,9999,17.95166667,0.334230805,6,5.827
4.285337953,35.05190045,-4.05,0.51,-2.97,-2.32,-13.27,9999,9999,9999,9999,9999,9999,9999,9999,9999,9999,9999,9999,9999,9999,9999,-5.545316721,52.43339136,9999,9999,9999,9999,9999,9999,9999,9999,9999,9999,9999,9999,9999,9999,-5.545316721,52.43339136,10.44666667,0.287172942,3,5.482
0.682196742,35.42836087,-4.56,-0.56,-3.12,-0.4,-17.66,-1,9999,9999,9999,9999,9999,9999,9999,9999,9999,9999,9999,9999,9999,9999,9999,9999,9999,9999,9999,9999,9999,9999,9999,9999,9999,9999,9999,9999,9999,9999,9999,9999,16.232,0.308033514,5,5.096
2.240282666,36.25312037,-2.61,-0.74,-3.13,-0.13,-14.51,9999,9999,9999,9999,9999,1.63271904,14.51616021,9999,9999,9999,9999,9999,9999,9999,9999,9999,9999,9999,9999,9999,9999,1.63271904,14.51616021,9999,9999,9999,9999,9999,9999,9999,9999,9999,9999,6.46,0.309597523,2,5.057
-2.735757041,39.72792261,5.56,0,0,20,0,9999,4.5177571,-21.57870127,9999,9999,9999,9999,9999,9999,9999,9999,9999,9999,9999,9999,9999,9999,4.5177571,-21.57870127,9999,9999,9999,9999,9999,9999,9999,9999,9999,9999,9999,9999,9999,9999,14.72416667,0.8149867,12,5.03
1.416749797,35.57783656,-5.68,-0.75,3.14,0.05,-22.05,-1,9999,9999,9999,9999,9999,9999,9999,9999,9999,9999,9999,9999,-3.129056384,-0.240973729,9999,9999,9999,9999,9999,9999,9999,9999,9999,9999,9999,9999,9999,9999,-3.129056384,-0.240973729,9999,9999,13.83333333,0.21686747,3,8.682
-3.234982705,63.14806944,6.81,0.74,-0.03,-0.9,25.71,9999,9999,9999,9999,9999,1.970337405,36.51157818,9999,9999,9999,9999,9999,9999,9999,9999,9999,9999,9999,9999,9999,9999,1.970337405,36.51157818,9999,9999,9999,9999,9999,9999,9999,9999,9999,9999,20.7575,0.192701433,4,5.835
-0.646912073,35.23238829,-6.14,0.27,-3.03,-2.33,-21.39,-1,2.491372411,-10.71266186,9999,9999,9999,9999,9999,9999,9999,9999,9999,9999,9999,9999,9999,9999,2.491372411,-10.71266186,9999,9999,9999,9999,9999,9999,9999,9999,9999,9999,9999,9999,9999,9999,15.745,0.127024452,2,5.779
2.416042995,35.50707773,-1.93,2.32,2.92,0.52,-2.35,9999,9999,9999,9999,9999,9999,9999,0.0654122,-1.176832869,9999,9999,9999,9999,9999,9999,9999,9999,9999,9999,9999,9999,9999,9999,0.0654122,-1.176832869,9999,9999,9999,9999,9999,9999,9999,9999,11.07666667,0.270839603,3,5.424
6.456794813,64.68782245,3.46,0.27,-0.03,-0.4,12.97,0,9999,9999,9999,9999,9999,9999,9999,9999,9999,9999,9999,9999,-7.846665771,-0.712168193,-10.70544295,4.791409996,9999,9999,9999,9999,9999,9999,9999,9999,9999,9999,9999,9999,-7.846665771,-0.712168193,-10.70544295,4.791409996,10.53333333,0.284810127,3,5.232
-0.520036444,35.28394357,-6.44,-0.65,-3.08,-1.59,-24.49,9999,5.342586109,-6.243567257,9999,9999,9999,9999,0.304525411,-1.951863749,9999,9999,9999,9999,9999,9999,9999,9999,5.342586109,-6.243567257,9999,9999,9999,9999,0.304525411,-1.951863749,9999,9999,9999,9999,9999,9999,9999,9999,15.4,0.454545455,7,4.682
-2.294871337,64.443628,3.3,0.92,-0.14,-1.9,13.78,9999,9999,9999,9999,9999,9999,9999,9999,9999,9999,9999,9999,9999,9999,9999,9999,9999,9999,9999,9999,9999,9999,9999,9999,9999,9999,9999,9999,9999,9999,9999,9999,9999,11.605,0.172339509,2,9.484
-0.971027593,64.98999125,3.65,-1.81,1.25,8.76,2.9,9999,9999,9999,9999,9999,9999,9999,0.542883473,-5.659975413,9999,9999,9999,9999,9999,9999,9999,9999,9999,9999,9999,9999,9999,9999,0.542883473,-5.659975413,9999,9999,9999,9999,9999,9999,9999,9999,17.14333333,0.349990278,6,4.812
2.106206347,35.69447417,-5.18,-1.81,3.1,0.97,-22.54,9999,9999,9999,9999,9999,9999,9999,9999,9999,9999,9999,9999,9999,9999,9999,9999,9999,9999,9999,9999,9999,9999,9999,9999,9999,9999,9999,9999,9999,9999,9999,9999,9999,9.08,0.330396476,3,8.007
-3.661681697,63.73391415,3.67,-0.51,-0.02,-0.23,11.96,9999,9999,9999,9999,9999,9999,9999,-1.062858911,-20.11700228,9999,9999,9999,9999,9999,9999,9999,9999,9999,9999,9999,9999,9999,9999,-1.062858911,-20.11700228,9999,9999,9999,9999,9999,9999,9999,9999,9.29,0.107642626,1,5.499
-2.543522559,56.58245361,5.56,0,0,20,0,3,9999,9999,9999,9999,9999,9999,9999,9999,9999,9999,9999,9999,9999,9999,9999,9999,9999,9999,9999,9999,9999,9999,9999,9999,9999,9999,9999,9999,9999,9999,9999,9999,14.6825,0.272433169,4,5.556
2.700161782,35.72928781,-5.02,-4.12,3.13,0.28,-27.13,0,9999,9999,9999,9999,9999,9999,9999,9999,9999,9999,9999,9999,9999,9999,-4.129711002,433.4251532,9999,9999,9999,9999,9999,9999,9999,9999,9999,9999,9999,9999,9999,9999,-4.129711002,433.4251532,16.1525,0.247639684,4,4.805
1.591024163,36.34459927,-3.95,-4.51,3.12,0.47,-26.48,-1,9999,9999,9999,9999,4.877591059,44.60151911,9999,9999,9999,9999,9999,9999,9999,9999,9999,9999,9999,9999,9999,9999,4.877591059,44.60151911,9999,9999,9999,9999,9999,9999,9999,9999,9999,9999,10.415,0.38406145,4,5.271
-3.713691893,64.73559557,6.37,3.44,-0.06,-1.89,30.79,9999,9999,9999,9999,9999,9999,9999,0.260403726,-1.637845716,9999,9999,9999,9999,9999,9999,9999,9999,9999,9999,9999,9999,9999,9999,0.260403726,-1.637845716,9999,9999,9999,9999,9999,9999,9999,9999,15.5075,0.257939707,4,9.533
-3.867983473,43.2660436,5.56,0,0,20,0,9999,9999,9999,9999,9999,1.802108912,9.68650941,0.064485302,-3.886391386,9999,9999,9999,9999,9999,9999,9999,9999,9999,9999,9999,9999,1.802108912,9.68650941,0.064485302,-3.886391386,9999,9999,9999,9999,9999,9999,9999,9999,17.5,0.228571429,4,5.468
4.13803636,35.8090262,-3.54,-2.74,-3.09,-1,-19.89,9999,9999,9999,9999,9999,9999,9999,9999,9999,-0.373655799,91.68660645,9999,9999,9999,9999,9999,9999,9999,9999,9999,9999,9999,9999,9999,9999,-0.373655799,91.68660645,9999,9999,9999,9999,9999,9999,12.42666667,0.241416309,3,4.911
-2.61095584,60.30030532,3.66,0.17,-0.07,-0.98,13.49,9999,4.561715888,-17.71808904,9999,9999,9999,9999,9999,9999,9999,9999,9999,9999,9999,9999,9999,9999,4.561715888,-17.71808904,9999,9999,9999,9999,9999,9999,9999,9999,9999,9999,9999,9999,9999,9999,15.74,0.317662008,5,5.417
2.045525111,35.17235387,-5.84,0.15,3.06,1.7,-20.61,9999,9999,9999,9999,9999,9999,9999,9999,9999,-0.13211365,1.591275838,9999,9999,9999,9999,-8.216462648,14.36758807,9999,9999,9999,9999,9999,9999,9999,9999,-0.13211365,1.591275838,9999,9999,9999,9999,-8.216462648,14.36758807,14.8525,0.53862986,8,7.746
-3.528912406,64.1792413,5.45,-0.08,0.02,0.47,19.22,9999,9999,9999,9999,9999,9999,9999,9999,9999,9999,9999,9999,9999,9999,9999,9999,9999,9999,9999,9999,9999,9999,9999,9999,9999,9999,9999,9999,9999,9999,9999,9999,9999,13.6,0.220588235,3,6.174
2.92806253,35.47345711,-4.38,-2.15,3.13,0.31,-21.56,9999,9999,9999,9999,9999,9999,9999,9999,9999,9999,9999,9999,9999,9999,9999,9999,9999,9999,9999,9999,9999,9999,9999,9999,9999,9999,9999,9999,9999,9999,9999,9999,9999,21.06333333,0.142427599,3,5.081
6.097201009,64.92167315,5.56,0,0,20,0,0,9999,9999,9999,9999,9999,9999,9999,9999,9999,9999,9999,9999,9999,9999,9999,9999,9999,9999,9999,9999,9999,9999,9999,9999,9999,9999,9999,9999,9999,9999,9999,9999,6.15,0.487804878,3,3.83
6.153983355,64.64120414,5.56,0,0,20,0,0,9999,9999,9999,9999,9999,9999,9999,9999,9999,9999,9999,9999,9999,9999,9999,9999,9999,9999,9999,9999,9999,9999,9999,9999,9999,9999,9999,9999,9999,9999,9999,9999,14.13,0.353857042,5,4.909
2.186901111,35.5073678,-2.77,-0.84,3.06,0.99,-11.71,9999,9999,9999,9999,9999,9999,9999,9999,9999,9999,9999,9999,9999,9999,9999,-1.606501941,24.02194759,9999,9999,9999,9999,9999,9999,9999,9999,9999,9999,9999,9999,9999,9999,-1.606501941,24.02194759,11.51666667,0.260492041,3,5.814
3.230570437,35.36233116,-4.42,-0.46,-3.11,-0.59,-16.91,0,9999,9999,9999,9999,9999,9999,9999,9999,9999,9999,9999,9999,9999,9999,9999,9999,9999,9999,9999,9999,9999,9999,9999,9999,9999,9999,9999,9999,9999,9999,9999,9999,11.35833333,0.528246515,6,8.583
3.098628873,35.03842301,-2.88,1.15,3.08,0.48,-7.93,9999,9999,9999,9999,9999,9999,9999,9999,9999,9999,9999,9999,9999,9999,9999,9999,9999,9999,9999,9999,9999,9999,9999,9999,9999,9999,9999,9999,9999,9999,9999,9999,9999,14.75,0.203389831,3,6.081
-0.027202475,64.42214947,4.95,0.7,-0.02,-0.45,19.33,2,9999,9999,9999,9999,9999,9999,9999,9999,9999,9999,9999,9999,9999,9999,9999,9999,9999,9999,9999,9999,9999,9999,9999,9999,9999,9999,9999,9999,9999,9999,9999,9999,13.646,0.366407739,5,5.645
-3.697796165,63.36669685,5.38,-0.91,0.02,0.35,18.97,9999,6.975745158,-22.06249395,9999,9999,9999,9999,9999,9999,9999,9999,9999,9999,9999,9999,9999,9999,6.975745158,-22.06249395,9999,9999,9999,9999,9999,9999,9999,9999,9999,9999,9999,9999,9999,9999,13.55,0.442804428,6,4.365
-2.212165411,64.47410923,10.65,-4.19,0.02,0.56,29.07,2,9999,9999,9999,9999,9999,9999,9999,9999,9999,9999,9999,9999,9999,9999,9999,9999,9999,9999,9999,9999,9999,9999,9999,9999,9999,9999,9999,9999,9999,9999,9999,9999,14.52333333,0.413128299,6,7.603
-1.226387223,61.52517817,4.92,-1.02,-0.13,-1.94,15.28,0,9999,9999,9999,9999,9999,9999,0.040355496,-0.500810961,9999,9999,9999,9999,9999,9999,9999,9999,9999,9999,9999,9999,9999,9999,0.040355496,-0.500810961,9999,9999,9999,9999,9999,9999,9999,9999,11.26,0.26642984,3,10.608
-1.028312765,62.2676485,5.56,0,0,20,0,9999,9999,9999,9999,9999,9999,9999,-0.168684377,-16.715102,9999,9999,9999,9999,9999,9999,9999,9999,9999,9999,9999,9999,9999,9999,-0.168684377,-16.715102,9999,9999,9999,9999,9999,9999,9999,9999,21.69,0.276625173,6,5.487
3.621677835,35.0545168,-2.64,0.31,-3.01,-1.13,-8.46,9999,9999,9999,9999,9999,9999,9999,9999,9999,-1.099386848,2102.787485,9999,9999,-2.472182521,1.203433515,9999,9999,9999,9999,9999,9999,9999,9999,9999,9999,-1.099386848,2102.787485,9999,9999,-2.472182521,1.203433515,9999,9999,10.61666667,0.282574568,3,3.648
-1.126463841,35.53372707,-4.4,-0.44,3.07,1.27,-16.71,9999,9999,9999,4.344921571,-2.462710248,9999,9999,9999,9999,0.610477216,12.15279002,9999,9999,9999,9999,9999,9999,9999,9999,4.344921571,-2.462710248,9999,9999,9999,9999,0.610477216,12.15279002,9999,9999,9999,9999,9999,9999,14.02666667,0.213878327,3,7.2901
1.797110357,35.0404161,-5,-0.77,-3.13,-0.29,-19.64,0,9999,9999,9999,9999,9999,9999,9999,9999,9999,9999,9999,9999,9999,9999,9999,9999,9999,9999,9999,9999,9999,9999,9999,9999,9999,9999,9999,9999,9999,9999,9999,9999,8.98,0.222717149,2,5.542
2.747698638,35.24064612,-3.44,0.45,3.09,0.57,-11.81,9999,9999,9999,9999,9999,9999,9999,-1.126836209,-11.93885525,-0.14330003,1.825925545,9999,9999,9999,9999,-5.918340623,32.87895579,9999,9999,9999,9999,9999,9999,-1.126836209,-11.93885525,-0.14330003,1.825925545,9999,9999,9999,9999,-5.918340623,32.87895579,16.03363636,0.68605772,11,5.088
4.01095756,35.21812612,-2.9,-0.4,-3.03,-1.33,-11.4,9999,9999,9999,9999,9999,9999,9999,9999,9999,-0.187593159,4.006619886,9999,9999,9999,9999,9999,9999,9999,9999,9999,9999,9999,9999,9999,9999,-0.187593159,4.006619886,9999,9999,9999,9999,9999,9999,15.38,0.260078023,4,3.836
1.112950724,35.69610496,-4.57,0.23,-3.09,-0.83,-15.92,-1,9999,9999,9999,9999,3.191129513,16.23274768,9999,9999,9999,9999,9999,9999,9999,9999,-4.741719132,11.8533752,9999,9999,9999,9999,3.191129513,16.23274768,9999,9999,9999,9999,9999,9999,9999,9999,-4.741719132,11.8533752,10.1075,0.395745733,4,8.471
1.202307003,64.6885178,4.73,-0.38,-0.01,-0.14,16.15,2,3.19284813,-24.15827467,9999,9999,9999,9999,9999,9999,9999,9999,-3.362858408,-4.148583665,9999,9999,9999,9999,3.19284813,-24.15827467,9999,9999,9999,9999,9999,9999,9999,9999,-3.362858408,-4.148583665,9999,9999,9999,9999,12.2325,0.326997752,4,5.677
3.048134661,36.5165997,-3.46,-4.46,3.14,0.04,-27.49,-1,9999,9999,9999,9999,9999,9999,-0.042659026,-153.5037239,-0.313593773,76.13168433,9999,9999,9999,9999,-4.34702478,127.8143728,9999,9999,9999,9999,9999,9999,-0.042659026,-153.5037239,-0.313593773,76.13168433,9999,9999,9999,9999,-4.34702478,127.8143728,17.125,0.350364964,6,4.393
-4.751933767,64.88752338,5.95,-0.35,0.04,0.85,20.72,9999,8.172513936,-35.30967924,9999,9999,9999,9999,9999,9999,9999,9999,9999,9999,9999,9999,9999,9999,8.172513936,-35.30967924,9999,9999,9999,9999,9999,9999,9999,9999,9999,9999,9999,9999,9999,9999,12.5425,0.318915687,4,4.248
-3.521884074,64.24895324,2.49,0.69,0.03,0.35,13.16,9999,5.043415934,-36.1074002,9999,9999,9999,9999,0.464269187,-3.424532961,0.353360439,7.854092514,9999,9999,9999,9999,9999,9999,5.043415934,-36.1074002,9999,9999,9999,9999,0.464269187,-3.424532961,0.353360439,7.854092514,9999,9999,9999,9999,9999,9999,13.53818182,0.812516788,11,4.757
3.355563999,35.77598362,-3.63,0.06,-3.06,-1,-12.92,9999,9999,9999,9999,9999,9999,9999,9999,9999,0.903463904,23.51819168,9999,9999,9999,9999,-3.67057692,104.527269,9999,9999,9999,9999,9999,9999,9999,9999,0.903463904,23.51819168,9999,9999,9999,9999,-3.67057692,104.527269,9.804,0.50999592,5,6.974
2.857683175,35.10858743,-2.82,-0.61,-3.13,-0.18,-11.57,9999,9999,9999,9999,9999,9999,9999,9999,9999,9999,9999,9999,9999,9999,9999,9999,9999,9999,9999,9999,9999,9999,9999,9999,9999,9999,9999,9999,9999,9999,9999,9999,9999,9.91,0.100908174,1,4.408
3.502579822,35.77574025,-3.93,-0.81,-3.01,-2.18,-15.96,9999,9999,9999,9999,9999,9999,9999,9999,9999,-0.205386933,2.418023142,9999,9999,9999,9999,9999,9999,9999,9999,9999,9999,9999,9999,9999,9999,-0.205386933,2.418023142,9999,9999,9999,9999,9999,9999,11.12833333,0.539164295,6,7.158
2.577230192,35.71205409,-2.96,0.97,-3.13,-0.14,-8.64,9999,9999,9999,9999,9999,9999,9999,9999,9999,9999,9999,9999,9999,9999,9999,9999,9999,9999,9999,9999,9999,9999,9999,9999,9999,9999,9999,9999,9999,9999,9999,9999,9999,11.0725,0.361255362,4,6.81
4.672084103,39.07248685,5.56,0,0,20,0,9999,9999,9999,9999,9999,9999,9999,9999,9999,9999,9999,9999,9999,9999,9999,9999,9999,9999,9999,9999,9999,9999,9999,9999,9999,9999,9999,9999,9999,9999,9999,9999,9999,6.36,0.471698113,3,6.179
0.578138941,54.09628409,5.56,0,0,20,0,9999,9999,9999,9999,9999,9999,9999,9999,9999,9999,9999,-4.652651906,-19.55704195,-2.778274761,-0.041330141,9999,9999,9999,9999,9999,9999,9999,9999,9999,9999,9999,9999,-4.652651906,-19.55704195,-2.778274761,-0.041330141,9999,9999,19.06181818,0.577069821,11,6.727
-0.540532521,63.33805379,2.46,-0.79,-0.16,-1.08,6.79,4,4.363959166,-42.74437938,9999,9999,9999,9999,0.614587079,-5.607721046,9999,9999,9999,9999,9999,9999,9999,9999,4.363959166,-42.74437938,9999,9999,9999,9999,0.614587079,-5.607721046,9999,9999,9999,9999,9999,9999,9999,9999,14.19181818,0.775094485,11,4.776
-1.916719832,62.5575557,5.56,0,0,20,0,9999,5.178541996,-23.87888614,9999,9999,9999,9999,9999,9999,9999,9999,9999,9999,9999,9999,9999,9999,5.178541996,-23.87888614,9999,9999,9999,9999,9999,9999,9999,9999,9999,9999,9999,9999,9999,9999,14.815,0.134998313,2,5.545
2.982322112,35.86056775,-5.72,-1.58,-3.12,-0.4,-23.89,0,9999,9999,9999,9999,9999,9999,9999,9999,9999,9999,9999,9999,9999,9999,9999,9999,9999,9999,9999,9999,9999,9999,9999,9999,9999,9999,9999,9999,9999,9999,9999,9999,15.204,0.328860826,5,5.349
-4.140103574,60.33455215,5.56,0,0,20,0,9999,6.515899764,-27.96543956,9999,9999,9999,9999,0.406187527,-1.94441306,9999,9999,9999,9999,9999,9999,9999,9999,6.515899764,-27.96543956,9999,9999,9999,9999,0.406187527,-1.94441306,9999,9999,9999,9999,9999,9999,9999,9999,20.16833333,0.297496075,6,5.268
-4.140103574,60.33455215,5.56,0,0,20,0,9999,6.515899764,-27.96543956,9999,9999,9999,9999,0.406187527,-1.94441306,9999,9999,9999,9999,9999,9999,9999,9999,6.515899764,-27.96543956,9999,9999,9999,9999,0.406187527,-1.94441306,9999,9999,9999,9999,9999,9999,9999,9999,20.98,0.238322212,5,5.298
2.939271024,35.44478442,-4.17,-1.81,3.08,1.17,-18.73,9999,9999,9999,9999,9999,9999,9999,9999,9999,9999,9999,9999,9999,9999,9999,9999,9999,9999,9999,9999,9999,9999,9999,9999,9999,9999,9999,9999,9999,9999,9999,9999,9999,14.1,0.141843972,2,5.663
2.447005964,35.1198883,-3.68,-0.48,3.11,0.5,-14.25,9999,9999,9999,9999,9999,9999,9999,9999,9999,9999,9999,9999,9999,9999,9999,9999,9999,9999,9999,9999,9999,9999,9999,9999,9999,9999,9999,9999,9999,9999,9999,9999,9999,8.33,0.120048019,1,7.507
-3.739089249,35.04890101,-4.28,-0.87,3.12,0.35,-14.56,9999,9999,9999,9999,9999,9999,9999,9999,9999,-0.086087511,0.655317625,9999,9999,9999,9999,9999,9999,9999,9999,9999,9999,9999,9999,9999,9999,-0.086087511,0.655317625,9999,9999,9999,9999,9999,9999,12.6125,0.317145689,4,4.334
4.08795564,35.11735397,-2.81,1.23,-2.92,-1.58,-6.99,9999,9999,9999,9999,9999,9999,9999,0.107994743,-0.864808174,9999,9999,9999,9999,9999,9999,9999,9999,9999,9999,9999,9999,9999,9999,0.107994743,-0.864808174,9999,9999,9999,9999,9999,9999,9999,9999,12.1,0.330578512,4,5.984
-1.048397887,59.10124661,5.56,0,0,20,0,9999,9999,9999,9999,9999,9999,9999,9999,9999,-0.385490682,3.192234239,9999,9999,9999,9999,9999,9999,9999,9999,9999,9999,9999,9999,9999,9999,-0.385490682,3.192234239,9999,9999,9999,9999,9999,9999,8.89,0.112485939,1,5.716
-0.477953782,40.91782468,5.56,0,0,20,0,1,9999,9999,9999,9999,9999,9999,9999,9999,-0.03792145,0.538661248,9999,9999,9999,9999,9999,9999,9999,9999,9999,9999,9999,9999,9999,9999,-0.03792145,0.538661248,9999,9999,9999,9999,9999,9999,17.934,0.278800045,5,7.349
-0.17870088,64.98232207,4.38,0.35,0.03,0.54,16.52,2,9999,9999,9999,9999,9999,9999,9999,9999,9999,9999,9999,9999,9999,9999,9999,9999,9999,9999,9999,9999,9999,9999,9999,9999,9999,9999,9999,9999,9999,9999,9999,9999,8.12,0.123152709,1,5.603
3.55994768,64.94617178,5.56,0,0,20,0,9999,9999,9999,9999,9999,9999,9999,9999,9999,9999,9999,9999,9999,9999,9999,-4.673733565,5.224280304,9999,9999,9999,9999,9999,9999,9999,9999,9999,9999,9999,9999,9999,9999,-4.673733565,5.224280304,16.9375,0.236162362,4,6.744
-2.61978146,41.66032994,5.56,0,0,20,0,9999,9999,9999,9999,9999,9999,9999,9999,9999,-0.360217288,1.543423415,9999,9999,9999,9999,9999,9999,9999,9999,9999,9999,9999,9999,9999,9999,-0.360217288,1.543423415,9999,9999,9999,9999,9999,9999,5.643333333,0.531600709,3,8.128
0.341635924,64.41865804,4.65,0.33,-0.08,-1.35,17.42,2,9999,9999,9999,9999,9999,9999,9999,9999,9999,9999,-3.465823654,-2.877506066,9999,9999,9999,9999,9999,9999,9999,9999,9999,9999,9999,9999,9999,9999,-3.465823654,-2.877506066,9999,9999,9999,9999,14.525,0.137693632,2,4.833
2.537652967,35.11974827,-4.93,-2.27,3.14,0.03,-22.85,0,9999,9999,9999,9999,9999,9999,9999,9999,9999,9999,9999,9999,9999,9999,9999,9999,9999,9999,9999,9999,9999,9999,9999,9999,9999,9999,9999,9999,9999,9999,9999,9999,13.716,0.364537766,5,6.664
2.599487606,35.52771346,5.56,0,0,20,0,9999,9999,9999,9999,9999,9999,9999,9999,9999,-0.18955227,2.102133698,9999,9999,9999,9999,-3.674347266,42.32044122,9999,9999,9999,9999,9999,9999,9999,9999,-0.18955227,2.102133698,9999,9999,9999,9999,-3.674347266,42.32044122,9.16,0.436681223,4,8.431
-3.582293582,48.03992217,5.56,0,0,20,0,9999,6.515899764,-27.96543956,9999,9999,9999,9999,0.406187527,-1.94441306,9999,9999,9999,9999,9999,9999,9999,9999,6.515899764,-27.96543956,9999,9999,9999,9999,0.406187527,-1.94441306,9999,9999,9999,9999,9999,9999,9999,9999,17.37333333,0.345356869,6,4.411
3.731879888,35.03745351,-2.32,0.97,-3.1,-0.24,-6.31,9999,9999,9999,9999,9999,9999,9999,9999,9999,9999,9999,9999,9999,9999,9999,9999,9999,9999,9999,9999,9999,9999,9999,9999,9999,9999,9999,9999,9999,9999,9999,9999,9999,12.145,0.164676822,2,2.535
1.817853748,35.64206004,-2.41,1.79,3.05,0.53,-5.79,9999,9999,9999,9999,9999,9999,9999,0.168706344,-2.117270901,9999,9999,9999,9999,9999,9999,-3.714510703,21.41638403,9999,9999,9999,9999,9999,9999,0.168706344,-2.117270901,9999,9999,9999,9999,9999,9999,-3.714510703,21.41638403,9.65,0.932642487,9,7.102
2.552812813,35.44540246,-4.63,-0.86,-3.12,-0.39,-18.63,0,9999,9999,9999,9999,9999,9999,9999,9999,9999,9999,9999,9999,9999,9999,9999,9999,9999,9999,9999,9999,9999,9999,9999,9999,9999,9999,9999,9999,9999,9999,9999,9999,12.14333333,0.247049135,3,4.776
0.919225761,63.80486818,5.22,-0.46,0.21,3.27,15.54,3,9999,9999,9999,9999,9999,9999,9999,9999,9999,9999,9999,9999,9999,9999,9999,9999,9999,9999,9999,9999,9999,9999,9999,9999,9999,9999,9999,9999,9999,9999,9999,9999,16.505,0.242350803,4,6.492
4.264727586,35.25153574,-4.63,-0.73,3.07,1.37,-17.88,9999,9999,9999,9999,9999,9999,9999,9999,9999,9999,9999,9999,9999,9999,9999,9999,9999,9999,9999,9999,9999,9999,9999,9999,9999,9999,9999,9999,9999,9999,9999,9999,9999,12.40333333,0.48374093,6,5.123
-3.242248272,63.90288073,4.52,-2.26,0.18,1.9,10.71,9999,9999,9999,9999,9999,9999,9999,9999,9999,9999,9999,9999,9999,9999,9999,9999,9999,9999,9999,9999,9999,9999,9999,9999,9999,9999,9999,9999,9999,9999,9999,9999,9999,10.005,0.19990005,2,6.146
1.884317187,36.03157994,-4.38,-4.59,-3.05,-2.34,-26.07,9999,9999,9999,9999,9999,9999,9999,9999,9999,9999,9999,9999,9999,9999,9999,9999,9999,9999,9999,9999,9999,9999,9999,9999,9999,9999,9999,9999,9999,9999,9999,9999,9999,15.28,0.196335079,3,5.451
-6.301936975,63.93128117,5.92,1.85,-0.05,-1.33,25.48,9999,9999,9999,9999,9999,9999,9999,9999,9999,9999,9999,9999,9999,9999,9999,9999,9999,9999,9999,9999,9999,9999,9999,9999,9999,9999,9999,9999,9999,9999,9999,9999,9999,8.27,0.120918984,1,6.316
-4.081610034,49.46780043,5.56,0,0,20,0,9999,9999,9999,9999,9999,9999,9999,9999,9999,9999,9999,9999,9999,9999,9999,9999,9999,9999,9999,9999,9999,9999,9999,9999,9999,9999,9999,9999,9999,9999,9999,9999,9999,15.636,0.319774878,5,4.859
-4.761727093,63.91697988,4.47,-0.83,0.03,0.53,18.5,9999,9999,9999,9999,9999,9999,9999,9999,9999,9999,9999,9999,9999,9999,9999,9999,9999,9999,9999,9999,9999,9999,9999,9999,9999,9999,9999,9999,9999,9999,9999,9999,9999,13.90333333,0.215775593,3,7.764
-3.776843125,64.75865631,7.62,-0.17,0.05,1.22,27.06,9999,9999,9999,9999,9999,9999,9999,-0.271433801,-6.509173726,9999,9999,9999,9999,9999,9999,9999,9999,9999,9999,9999,9999,9999,9999,-0.271433801,-6.509173726,9999,9999,9999,9999,9999,9999,9999,9999,21.39555556,0.42064811,9,7.749
1.425498153,35.03869704,-1.55,-0.24,3.13,0.09,-6.07,-3,9999,9999,9999,9999,9999,9999,9999,9999,9999,9999,-5.577337319,-8.854815455,-4.593215224,0.321263657,9999,9999,9999,9999,9999,9999,9999,9999,9999,9999,9999,9999,-5.577337319,-8.854815455,-4.593215224,0.321263657,9999,9999,13.22,0.378214826,5,4.997
0.348606522,35.00564578,-4.75,-0.02,-3.14,-0.05,-17.15,-1,9999,9999,9999,9999,9999,9999,9999,9999,9999,9999,9999,9999,9999,9999,9999,9999,9999,9999,9999,9999,9999,9999,9999,9999,9999,9999,9999,9999,9999,9999,9999,9999,19.483,0.513267977,10,7.164
0.42674191,64.45609534,7.92,-0.38,0,0.04,27.69,2,9999,9999,9999,9999,9999,9999,9999,9999,9999,9999,-2.266188323,-23.16249709,9999,9999,9999,9999,9999,9999,9999,9999,9999,9999,9999,9999,9999,9999,-2.266188323,-23.16249709,9999,9999,9999,9999,22.18,0.315599639,7,9.447
-0.174396613,35.1531963,2.07,-5.66,-2.6,-2.61,-4.38,3,9999,9999,9999,9999,9999,9999,0.344199614,-1.577901506,9999,9999,9999,9999,9999,9999,9999,9999,9999,9999,9999,9999,9999,9999,0.344199614,-1.577901506,9999,9999,9999,9999,9999,9999,9999,9999,15.23181818,0.722172486,11,3.845
2.906006477,40.98369887,2.49,-1.06,3.1,0.09,-2.1,1,9999,9999,9999,9999,9999,9999,0.41408852,-11.5671512,9999,9999,9999,9999,9999,9999,9999,9999,9999,9999,9999,9999,9999,9999,0.41408852,-11.5671512,9999,9999,9999,9999,9999,9999,9999,9999,4.135,0.483675937,2,5.048
1.311267888,54.59589185,5.56,0,0,20,0,9999,3.894050078,-25.78697352,9999,9999,9999,9999,9999,9999,9999,9999,9999,9999,9999,9999,9999,9999,3.894050078,-25.78697352,9999,9999,9999,9999,9999,9999,9999,9999,9999,9999,9999,9999,9999,9999,17.752,0.563316809,10,4.729
1.808263572,35.15647987,-4.17,-0.44,-3.12,-0.31,-15.97,-2,9999,9999,9999,9999,9999,9999,0.454429808,-14.73461468,9999,9999,9999,9999,9999,9999,9999,9999,9999,9999,9999,9999,9999,9999,0.454429808,-14.73461468,9999,9999,9999,9999,9999,9999,9999,9999,14.3175,0.558756766,8,9.137
2.416355915,37.65120742,5.56,0,0,20,0,9999,9999,9999,9999,9999,9999,9999,9999,9999,-0.065384225,1.408794171,9999,9999,9999,9999,-4.043119127,22.23791645,9999,9999,9999,9999,9999,9999,9999,9999,-0.065384225,1.408794171,9999,9999,9999,9999,-4.043119127,22.23791645,10.26272727,1.071839844,11,4.984
0.450847367,64.78981448,7.1,-1.18,-0.08,-1.76,22.93,2,9999,9999,9999,9999,9999,9999,9999,9999,9999,9999,9999,9999,9999,9999,9999,9999,9999,9999,9999,9999,9999,9999,9999,9999,9999,9999,9999,9999,9999,9999,9999,9999,18.64,0.375536481,7,6.378
-4.0173667,58.95707132,5.56,0,0,20,0,9999,9999,9999,9999,9999,9999,9999,0.157224428,-1.225537388,9999,9999,-4.558200544,-4.494134367,9999,9999,-8.158533942,75.11354111,9999,9999,9999,9999,9999,9999,0.157224428,-1.225537388,9999,9999,-4.558200544,-4.494134367,9999,9999,-8.158533942,75.11354111,19.359,0.516555607,10,4.411
-1.630847271,62.27007314,5.08,5.65,-0.1,-3.59,37.12,2,3.958521973,-382.2269107,9999,9999,9999,9999,9999,9999,9999,9999,9999,9999,9999,9999,9999,9999,3.958521973,-382.2269107,9999,9999,9999,9999,9999,9999,9999,9999,9999,9999,9999,9999,9999,9999,14.245,0.280800281,4,4.135
1.206283639,35.2211281,-5.27,-0.46,3.12,0.46,-19.98,-1,9999,9999,9999,9999,9999,9999,9999,9999,9999,9999,9999,9999,9999,9999,9999,9999,9999,9999,9999,9999,9999,9999,9999,9999,9999,9999,9999,9999,9999,9999,9999,9999,18.326,0.272836407,5,5.969
-0.094124726,54.73944489,5.56,0,0,20,0,9999,9999,9999,9999,9999,9999,9999,0.342089194,-2.117319089,9999,9999,9999,9999,9999,9999,9999,9999,9999,9999,9999,9999,9999,9999,0.342089194,-2.117319089,9999,9999,9999,9999,9999,9999,9999,9999,19.8875,0.201131364,4,3.233
-4.124760184,35.29076456,-3.2,-0.85,2.73,5.55,-12.62,9999,4.513269445,-5.258491271,9999,9999,5.656684601,3.365688113,9999,9999,-0.246045446,1.529566201,9999,9999,9999,9999,9999,9999,4.513269445,-5.258491271,9999,9999,5.656684601,3.365688113,9999,9999,-0.246045446,1.529566201,9999,9999,9999,9999,9999,9999,14.17416667,0.846610618,12,8.066
-1.985197387,64.10846204,8.37,1.14,0.03,0.85,32.56,2,9999,9999,9999,9999,9999,9999,9999,9999,9999,9999,9999,9999,9999,9999,9999,9999,9999,9999,9999,9999,9999,9999,9999,9999,9999,9999,9999,9999,9999,9999,9999,9999,19.796,0.252576278,5,8.559
-1.425997446,57.91614012,5.56,0,0,20,0,9999,2.471133472,-6.489979414,9999,9999,9999,9999,-1.415119784,-11.7225241,9999,9999,9999,9999,9999,9999,9999,9999,2.471133472,-6.489979414,9999,9999,9999,9999,-1.415119784,-11.7225241,9999,9999,9999,9999,9999,9999,9999,9999,14.48333333,0.621403913,9,5.762
-1.478336663,58.37953736,5.56,0,0,20,0,9999,9999,9999,9999,9999,9999,9999,1.275804945,-16.79161145,9999,9999,9999,9999,9999,9999,9999,9999,9999,9999,9999,9999,9999,9999,1.275804945,-16.79161145,9999,9999,9999,9999,9999,9999,9999,9999,18.764,0.266467704,5,5.513
-1.815949614,64.94775013,8.32,-1.69,0,0.09,26.15,3,9999,9999,9999,9999,9999,9999,9999,9999,9999,9999,9999,9999,9999,9999,9999,9999,9999,9999,9999,9999,9999,9999,9999,9999,9999,9999,9999,9999,9999,9999,9999,9999,13.88,0.576368876,8,5.379
2.798271292,35.30622929,-3.57,-0.14,3.09,0.69,-13.19,9999,9999,9999,9999,9999,9999,9999,0.297047035,-4.532037518,9999,9999,-4.65407705,-235.9272963,-6.610046985,-2.377165337,9999,9999,9999,9999,9999,9999,9999,9999,0.297047035,-4.532037518,9999,9999,-4.65407705,-235.9272963,-6.610046985,-2.377165337,9999,9999,10.37,0.192864031,2,4.381
-1.010291926,64.55916631,3.4,-0.03,-0.02,-0.2,12.15,2,9999,9999,9999,9999,9999,9999,9999,9999,9999,9999,9999,9999,9999,9999,9999,9999,9999,9999,9999,9999,9999,9999,9999,9999,9999,9999,9999,9999,9999,9999,9999,9999,19.75,0.101265823,2,4.707
-0.869481581,64.85620074,5.42,0.66,-0.02,-0.42,21.33,9999,9999,9999,9999,9999,9999,9999,9999,9999,9999,9999,9999,9999,9999,9999,9999,9999,9999,9999,9999,9999,9999,9999,9999,9999,9999,9999,9999,9999,9999,9999,9999,9999,15.2625,0.262080262,4,4.461
-3.725511419,61.9895698,5.56,0,0,20,0,9999,5.388578186,-44.5168109,9999,9999,9999,9999,9999,9999,0.368751447,6.563611294,9999,9999,9999,9999,9999,9999,5.388578186,-44.5168109,9999,9999,9999,9999,9999,9999,0.368751447,6.563611294,9999,9999,9999,9999,9999,9999,12.45181818,0.883405125,11,5.253
-2.028522582,56.99990898,5.56,0,0,20,0,2,9999,9999,9999,9999,9999,9999,9999,9999,9999,9999,9999,9999,9999,9999,9999,9999,9999,9999,9999,9999,9999,9999,9999,9999,9999,9999,9999,9999,9999,9999,9999,9999,14.38666667,0.208526413,3,9.315
-4.284160369,35.81978478,-1.11,-0.15,2.47,2.7,-3.42,9999,9999,9999,9999,9999,9999,9999,9999,9999,9999,9999,9999,9999,9999,9999,9999,9999,9999,9999,9999,9999,9999,9999,9999,9999,9999,9999,9999,9999,9999,9999,9999,9999,10.9075,0.366720147,4,5.18
2.279739343,35.58525924,-6.41,-0.6,-3.13,-0.32,-24.4,-1,9999,9999,9999,9999,9999,9999,9999,9999,9999,9999,9999,9999,9999,9999,9999,9999,9999,9999,9999,9999,9999,9999,9999,9999,9999,9999,9999,9999,9999,9999,9999,9999,20.552,0.243285325,5,5.153
4.226980954,35.05228984,-4.76,-0.66,3.1,0.75,-18.55,9999,1.785108685,-43.0464718,9999,9999,9999,9999,-0.225045547,-5.646405512,9999,9999,-2.280454656,-13.03351385,9999,9999,-3.778350516,25.31470659,1.785108685,-43.0464718,9999,9999,9999,9999,-0.225045547,-5.646405512,9999,9999,-2.280454656,-13.03351385,9999,9999,-3.778350516,25.31470659,12.68833333,0.472875345,6,8.818
-3.286239333,64.8940357,5.56,0,0,20,0,9999,4.966523903,-36.08643603,9999,9999,2.102068844,43.32320755,9999,9999,9999,9999,9999,9999,9999,9999,9999,9999,4.966523903,-36.08643603,9999,9999,2.102068844,43.32320755,9999,9999,9999,9999,9999,9999,9999,9999,9999,9999,8.36125,0.956794738,8,6.274
1.636238492,35.50793164,-3.74,-0.01,-3.1,-0.57,-13.47,-2,9999,9999,9999,9999,9999,9999,9999,9999,9999,9999,9999,9999,9999,9999,9999,9999,9999,9999,9999,9999,9999,9999,9999,9999,9999,9999,9999,9999,9999,9999,9999,9999,13.9075,0.287614596,4,5.253
-1.464363409,64.11238516,5.84,-1.28,-0.01,-0.24,18.18,0,9999,9999,9999,9999,9999,9999,9999,9999,9999,9999,9999,9999,9999,9999,9999,9999,9999,9999,9999,9999,9999,9999,9999,9999,9999,9999,9999,9999,9999,9999,9999,9999,15,0.2,3,7.104
4.262216261,35.31836567,-3.14,0.92,3.09,0.46,-9.28,9999,9999,9999,9999,9999,9999,9999,9999,9999,0.434616039,16.45367851,-2.509471291,-14.52525025,9999,9999,9999,9999,9999,9999,9999,9999,9999,9999,9999,9999,0.434616039,16.45367851,-2.509471291,-14.52525025,9999,9999,9999,9999,14.58153846,0.891538299,13,4.327
-2.079519907,38.43505171,5.56,0,0,20,0,9999,9999,9999,9999,9999,9999,9999,9999,9999,9999,9999,9999,9999,9999,9999,9999,9999,9999,9999,9999,9999,9999,9999,9999,9999,9999,9999,9999,9999,9999,9999,9999,9999,19.034,0.262687822,5,7.225
-1.615799936,64.04512385,5.56,0,0,20,0,1,9999,9999,9999,9999,9999,9999,9999,9999,9999,9999,9999,9999,9999,9999,9999,9999,9999,9999,9999,9999,9999,9999,9999,9999,9999,9999,9999,9999,9999,9999,9999,9999,13.62166667,0.440474734,6,5.575
1.565486006,35.01600096,-5.6,-0.46,3.11,0.68,-21.16,-1,9999,9999,9999,9999,9999,9999,9999,9999,9999,9999,9999,9999,9999,9999,9999,9999,9999,9999,9999,9999,9999,9999,9999,9999,9999,9999,9999,9999,9999,9999,9999,9999,19.128,0.261396905,5,8.134
-1.622130597,64.77454924,5.77,-1.14,0.02,0.35,18.27,3,9999,9999,9999,9999,9999,9999,9999,9999,9999,9999,9999,9999,9999,9999,9999,9999,9999,9999,9999,9999,9999,9999,9999,9999,9999,9999,9999,9999,9999,9999,9999,9999,15.34833333,0.390921924,6,6.454
4.566544786,35.05079214,-2.89,-0.02,-3.13,-0.14,-10.44,9999,9999,9999,9999,9999,9999,9999,9999,9999,9999,9999,9999,9999,9999,9999,9999,9999,9999,9999,9999,9999,9999,9999,9999,9999,9999,9999,9999,9999,9999,9999,9999,9999,13.2875,0.602069614,8,5.811
4.325452763,35.38367353,-2.93,-1.7,-3.13,-0.22,-15.79,9999,9999,9999,9999,9999,9999,9999,9999,9999,-1.386755505,156.5075546,9999,9999,9999,9999,-2.885159779,112.0917524,9999,9999,9999,9999,9999,9999,9999,9999,-1.386755505,156.5075546,9999,9999,9999,9999,-2.885159779,112.0917524,22.71,0.044033465,1,3.873
1.546135382,35.39500159,-4.23,-5.45,-3.09,-1.57,-31.77,-327,9999,9999,9999,9999,9999,9999,9999,9999,9999,9999,-2.642931806,-16.73648214,9999,9999,-5.398114289,18.55932277,9999,9999,9999,9999,9999,9999,9999,9999,9999,9999,-2.642931806,-16.73648214,9999,9999,-5.398114289,18.55932277,23.482,0.212929052,5,5.252
-0.842015327,64.6884334,7.24,2.51,-0.04,-1.2,31.54,2,9999,9999,9999,9999,9999,9999,9999,9999,9999,9999,-3.013604351,-33.65162035,9999,9999,9999,9999,9999,9999,9999,9999,9999,9999,9999,9999,9999,9999,-3.013604351,-33.65162035,9999,9999,9999,9999,14.875,0.134453782,2,6.479
1.794986359,63.61370731,11.77,-0.5,0.05,2.24,40.86,0,9999,9999,9999,9999,9999,9999,9999,9999,9999,9999,9999,9999,9999,9999,-3.072626263,42.28333572,9999,9999,9999,9999,9999,9999,9999,9999,9999,9999,9999,9999,9999,9999,-3.072626263,42.28333572,24.49333333,0.122482308,3,4.865
4.186325907,35.30061968,-3.82,-1.1,3.1,0.63,-16.63,9999,9999,9999,9999,9999,9999,9999,9999,9999,9999,9999,-2.873568588,-127.5194217,9999,9999,9999,9999,9999,9999,9999,9999,9999,9999,9999,9999,9999,9999,-2.873568588,-127.5194217,9999,9999,9999,9999,20.895,0.287150036,6,5.077
2.203844061,35.17273052,-4.95,-1.58,3.08,1.27,-21.79,9999,9999,9999,9999,9999,9999,9999,9999,9999,-0.385424328,22.41049081,9999,9999,9999,9999,-3.801138038,35.88759932,9999,9999,9999,9999,9999,9999,9999,9999,-0.385424328,22.41049081,9999,9999,9999,9999,-3.801138038,35.88759932,11.67545455,0.942147473,11,5.309
1.758082429,35.15605178,-4.31,-1.14,-3.13,-0.18,-17.97,-1,9999,9999,9999,9999,9999,9999,9999,9999,9999,9999,9999,9999,9999,9999,9999,9999,9999,9999,9999,9999,9999,9999,9999,9999,9999,9999,9999,9999,9999,9999,9999,9999,14.7575,0.271048619,4,4.743
-3.727234145,64.02782722,4.68,-0.39,0.14,2.21,15.5,9999,9999,9999,9999,9999,2.613258944,1877.166613,0.297547418,-3.340988666,9999,9999,9999,9999,9999,9999,9999,9999,9999,9999,9999,9999,2.613258944,1877.166613,0.297547418,-3.340988666,9999,9999,9999,9999,9999,9999,9999,9999,17.166,0.291273448,5,3.983
-2.504957227,64.76804079,6.75,-1.89,0.05,1.02,20.07,2,5.186951154,-40.22803164,9999,9999,9999,9999,9999,9999,9999,9999,9999,9999,9999,9999,9999,9999,5.186951154,-40.22803164,9999,9999,9999,9999,9999,9999,9999,9999,9999,9999,9999,9999,9999,9999,12.35,0.4048583,5,7.391
-3.319311855,63.20362893,2.41,-0.22,-0.05,-0.39,8.1,9999,9999,9999,9999,9999,9999,9999,-0.135592985,-13.78269256,9999,9999,9999,9999,9999,9999,9999,9999,9999,9999,9999,9999,9999,9999,-0.135592985,-13.78269256,9999,9999,9999,9999,9999,9999,9999,9999,6.43,0.466562986,3,4.297
1.409597525,35.08368299,-2.74,-0.19,3.12,0.2,-10.27,-2,9999,9999,9999,9999,9999,9999,9999,9999,9999,9999,9999,9999,9999,9999,9999,9999,9999,9999,9999,9999,9999,9999,9999,9999,9999,9999,9999,9999,9999,9999,9999,9999,16.185,0.494284832,8,6.776
3.309034469,36.78670181,0.37,-5.41,3.08,1.03,-17.32,9999,9999,9999,9999,9999,9999,9999,9999,9999,9999,9999,-4.569979587,-445.0694911,9999,9999,-6.893515033,7.352620001,9999,9999,9999,9999,9999,9999,9999,9999,9999,9999,-4.569979587,-445.0694911,9999,9999,-6.893515033,7.352620001,9.61,0.208116545,2,4.429
-3.426840786,64.67734516,5.56,0,0,20,0,9999,4.905119874,-34.64284123,9999,9999,9999,9999,9999,9999,-0.072655276,0.433270058,9999,9999,9999,9999,9999,9999,4.905119874,-34.64284123,9999,9999,9999,9999,9999,9999,-0.072655276,0.433270058,9999,9999,9999,9999,9999,9999,13.99166667,0.428826683,6,2.717
3.560130357,37.24737399,5.56,0,0,20,0,9999,9999,9999,9999,9999,9999,9999,9999,9999,0.018397078,0.96194584,9999,9999,9999,9999,9999,9999,9999,9999,9999,9999,9999,9999,9999,9999,0.018397078,0.96194584,9999,9999,9999,9999,9999,9999,21.83666667,0.137383606,3,4.483
-4.289010379,50.2849354,5.56,0,0,20,0,9999,9999,9999,9999,9999,9999,9999,-0.002456806,-0.920166747,9999,9999,9999,9999,-7.6736912,2.113825522,-6.228145545,15.31885992,9999,9999,9999,9999,9999,9999,-0.002456806,-0.920166747,9999,9999,9999,9999,-7.6736912,2.113825522,-6.228145545,15.31885992,11.53166667,0.520306403,6,4.726
2.543315021,35.64454166,-0.76,-6.73,-3.06,-1.95,-25.39,-3,9999,9999,9999,9999,9999,9999,9999,9999,9999,9999,9999,9999,9999,9999,-3.732046718,44.18800717,9999,9999,9999,9999,9999,9999,9999,9999,9999,9999,9999,9999,9999,9999,-3.732046718,44.18800717,10.58,0.189035917,2,4.961
2.149291777,35.04041282,-1.8,1.32,3.1,0.15,-3.44,9999,9999,9999,9999,9999,9999,9999,9999,9999,-0.132771808,2.014430921,9999,9999,9999,9999,9999,9999,9999,9999,9999,9999,9999,9999,9999,9999,-0.132771808,2.014430921,9999,9999,9999,9999,9999,9999,14.62,0.341997264,5,5.419
4.13112926,35.18399369,-4.38,-0.47,3.02,2.08,-17.45,9999,7.884521668,-14.79426045,5.073179778,0.446534525,9999,9999,9999,9999,-0.306573084,1.207535807,9999,9999,9999,9999,9999,9999,7.884521668,-14.79426045,5.073179778,0.446534525,9999,9999,9999,9999,-0.306573084,1.207535807,9999,9999,9999,9999,9999,9999,15.83769231,0.820826655,13,4.449
-1.194494676,64.68692135,1.55,-0.41,0.24,1.09,4.49,9999,9999,9999,9999,9999,9999,9999,9999,9999,-0.390864476,8.504679349,9999,9999,9999,9999,9999,9999,9999,9999,9999,9999,9999,9999,9999,9999,-0.390864476,8.504679349,9999,9999,9999,9999,9999,9999,13.3925,0.298674631,4,6.261
1.506702793,41.01215311,5.56,0,0,20,0,0,9999,9999,9999,9999,1.982804622,46.98521951,9999,9999,-0.015073117,0.178813072,9999,9999,9999,9999,9999,9999,9999,9999,9999,9999,1.982804622,46.98521951,9999,9999,-0.015073117,0.178813072,9999,9999,9999,9999,9999,9999,15.06285714,0.464719272,7,5.975
-3.780774467,64.02902378,10.89,1.6,-0.05,-2.2,44.26,9999,9999,9999,9999,9999,9999,9999,-0.248393797,-370.6585391,9999,9999,9999,9999,9999,9999,9999,9999,9999,9999,9999,9999,9999,9999,-0.248393797,-370.6585391,9999,9999,9999,9999,9999,9999,9999,9999,21.5025,0.186024881,4,6.124
-2.35645109,63.83139349,4.14,1.68,0.03,0.51,19.52,9999,4.83952512,-22.54768567,9999,9999,9999,9999,9999,9999,9999,9999,9999,9999,9999,9999,9999,9999,4.83952512,-22.54768567,9999,9999,9999,9999,9999,9999,9999,9999,9999,9999,9999,9999,9999,9999,7.91,0.12642225,1,5.607
-1.050852643,35.13207753,-5.08,-1.12,3,3,-20.45,-1,9999,9999,9999,9999,9999,9999,9999,9999,9999,9999,9999,9999,9999,9999,9999,9999,9999,9999,9999,9999,9999,9999,9999,9999,9999,9999,9999,9999,9999,9999,9999,9999,18.216,0.27448397,5,5.472
-2.653090864,64.2988288,5.56,0,0,20,0,9999,9999,9999,9999,9999,8.189218395,28.81205618,1.352138128,-23.51626091,9999,9999,9999,9999,9999,9999,9999,9999,9999,9999,9999,9999,8.189218395,28.81205618,1.352138128,-23.51626091,9999,9999,9999,9999,9999,9999,9999,9999,14.502,0.34478003,5,4.212
-3.255066942,64.25009042,5.56,0,0,20,0,9999,4.809391972,-34.60347552,9999,9999,9999,9999,9999,9999,9999,9999,9999,9999,9999,9999,9999,9999,4.809391972,-34.60347552,9999,9999,9999,9999,9999,9999,9999,9999,9999,9999,9999,9999,9999,9999,11.69,0.427715997,5,5.548
1.752193817,35.43754095,-6.81,-1.23,3.13,0.21,-27.2,-1,9999,9999,9999,9999,9999,9999,9999,9999,9999,9999,9999,9999,9999,9999,9999,9999,9999,9999,9999,9999,9999,9999,9999,9999,9999,9999,9999,9999,9999,9999,9999,9999,18.52,0.161987041,3,6.025
4.13112926,35.18399369,-4.54,0.91,3.12,0.24,-14.4,9999,9999,9999,9999,9999,9999,9999,9999,9999,-0.006562363,1.472591209,9999,9999,-3.096284223,2.400127718,-8.665213018,25.30727837,9999,9999,9999,9999,9999,9999,9999,9999,-0.006562363,1.472591209,9999,9999,-3.096284223,2.400127718,-8.665213018,25.30727837,16.974,0.294568163,5,4.149
5.050504046,35.80515493,-3.3,-1.71,3.05,1.56,-17.08,9999,9999,9999,9999,9999,9999,9999,9999,9999,9999,9999,9999,9999,9999,9999,-5.457408171,372.9526134,9999,9999,9999,9999,9999,9999,9999,9999,9999,9999,9999,9999,9999,9999,-5.457408171,372.9526134,10.16,0.098425197,1,4.946
1.065585382,35.57481549,-5.69,-0.51,-3.12,-0.37,-21.57,-1,9999,9999,9999,9999,9999,9999,9999,9999,9999,9999,9999,9999,-2.650053192,-0.585628451,9999,9999,9999,9999,9999,9999,9999,9999,9999,9999,9999,9999,9999,9999,-2.650053192,-0.585628451,9999,9999,19.93714286,0.351103468,7,6.506
0.439917392,63.06890744,8.26,0.03,-0.01,-0.16,29.85,1,9999,9999,9999,9999,9999,9999,9999,9999,9999,9999,9999,9999,9999,9999,9999,9999,9999,9999,9999,9999,9999,9999,9999,9999,9999,9999,9999,9999,9999,9999,9999,9999,20,0.05,1,5.589
1.185921354,35.64053741,-4.28,0.06,3.11,0.47,-15.23,9999,9999,9999,9999,9999,9999,9999,0.099094737,-1.37573873,9999,9999,9999,9999,9999,9999,-2.917697332,22.97732409,9999,9999,9999,9999,9999,9999,0.099094737,-1.37573873,9999,9999,9999,9999,9999,9999,-2.917697332,22.97732409,14.345,0.418264204,6,4.641
1.852154813,35.65378846,-6.5,-0.94,3.11,0.8,-25.42,-1,9999,9999,9999,9999,9999,9999,9999,9999,9999,9999,9999,9999,9999,9999,9999,9999,9999,9999,9999,9999,9999,9999,9999,9999,9999,9999,9999,9999,9999,9999,9999,9999,11.71333333,0.256118384,3,4.235
-0.301899327,62.24241526,6.73,0.68,-0.03,-0.82,26.78,9999,9999,9999,9999,9999,9999,9999,9999,9999,9999,9999,9999,9999,9999,9999,-3.604348814,3.91794113,9999,9999,9999,9999,9999,9999,9999,9999,9999,9999,9999,9999,9999,9999,-3.604348814,3.91794113,16.22666667,0.184880855,3,5.081
2.531808245,36.17695771,-5.04,-1.85,-3.09,-1.1,-22.16,9999,9999,9999,9999,9999,9999,9999,9999,9999,9999,9999,9999,9999,9999,9999,9999,9999,9999,9999,9999,9999,9999,9999,9999,9999,9999,9999,9999,9999,9999,9999,9999,9999,16.02333333,0.187226961,3,6.008
1.780811556,35.84720383,-2.84,0.26,-3.12,-0.24,-9.55,9999,9999,9999,9999,9999,9999,9999,9999,9999,9999,9999,9999,9999,9999,9999,-5.559523396,15.42494491,9999,9999,9999,9999,9999,9999,9999,9999,9999,9999,9999,9999,9999,9999,-5.559523396,15.42494491,12.8175,0.312073337,4,5.711
4.238277975,35.05237019,-2.97,-0.57,3.14,0.08,-12.19,9999,9999,9999,9999,9999,9999,9999,9999,9999,9999,9999,-2.967168666,-18.81955858,9999,9999,9999,9999,9999,9999,9999,9999,9999,9999,9999,9999,9999,9999,-2.967168666,-18.81955858,9999,9999,9999,9999,14.6625,0.272804774,4,6.839
1.3133971,35.15225797,-8.04,-2.1,3.14,0.17,-33.42,-1,9999,9999,9999,9999,9999,9999,9999,9999,9999,9999,9999,9999,9999,9999,9999,9999,9999,9999,9999,9999,9999,9999,9999,9999,9999,9999,9999,9999,9999,9999,9999,9999,21.49,0.139599814,3,4.79
2.409116153,35.04102874,-3.66,0.58,2.98,1.94,-11.58,9999,9999,9999,9999,9999,9999,9999,-1.004033835,-15.81195907,-0.218858407,10.07303569,9999,9999,9999,9999,9999,9999,9999,9999,9999,9999,9999,9999,-1.004033835,-15.81195907,-0.218858407,10.07303569,9999,9999,9999,9999,9999,9999,16.015,0.499531689,8,4.863
-0.977837773,35.03299987,-6.74,-1.33,-3.14,-0.16,-27.32,-1,9999,9999,9999,9999,9999,9999,9999,9999,9999,9999,9999,9999,9999,9999,9999,9999,9999,9999,9999,9999,9999,9999,9999,9999,9999,9999,9999,9999,9999,9999,9999,9999,16.14,0.185873606,3,4.893
3.13834553,35.13881422,-0.54,-5.51,3.1,1.03,-23.88,9999,9999,9999,9999,9999,9999,9999,9999,9999,9999,9999,9999,9999,9999,9999,-5.629073935,3.003656696,9999,9999,9999,9999,9999,9999,9999,9999,9999,9999,9999,9999,9999,9999,-5.629073935,3.003656696,15.57333333,0.192636986,3,4.629
3.861341911,35.38258113,-5.55,-0.41,3.1,0.82,-21.1,9999,9999,9999,9999,9999,9999,9999,9999,9999,9999,9999,9999,9999,9999,9999,9999,9999,9999,9999,9999,9999,9999,9999,9999,9999,9999,9999,9999,9999,9999,9999,9999,9999,14.332,0.348869662,5,4.443
-1.965204685,59.06147719,5.56,0,0,20,0,2,9999,9999,9999,9999,9999,9999,9999,9999,9999,9999,9999,9999,9999,9999,9999,9999,9999,9999,9999,9999,9999,9999,9999,9999,9999,9999,9999,9999,9999,9999,9999,9999,16.67142857,0.419880034,7,8.455
3.019612317,35.23661668,-3.83,-0.92,-3.08,-1,-17.3,9999,9999,9999,9999,9999,9999,9999,9999,9999,9999,9999,9999,9999,9999,9999,9999,9999,9999,9999,9999,9999,9999,9999,9999,9999,9999,9999,9999,9999,9999,9999,9999,9999,13.77333333,0.217812197,3,4.945
2.025823048,36.33558543,-3.43,0.06,3.1,0.48,-12.11,9999,9999,9999,9999,9999,9999,9999,-0.648455653,-10.10378941,-0.097210506,1.695868956,9999,9999,9999,9999,9999,9999,9999,9999,9999,9999,9999,9999,-0.648455653,-10.10378941,-0.097210506,1.695868956,9999,9999,9999,9999,9999,9999,12.90333333,0.464996125,6,11.579
2.880111194,38.2129977,5.56,0,0,20,0,249,9999,9999,9999,9999,9999,9999,9999,9999,9999,9999,9999,9999,9999,9999,-1.901176552,208.0916423,9999,9999,9999,9999,9999,9999,9999,9999,9999,9999,9999,9999,9999,9999,-1.901176552,208.0916423,14.4075,0.277633177,4,4.283
-0.793690658,36.62414739,-0.45,-5.37,-2.91,-5.43,-22.62,9999,9999,9999,9999,9999,9999,9999,0.53735622,-3.489405673,9999,9999,9999,9999,9999,9999,9999,9999,9999,9999,9999,9999,9999,9999,0.53735622,-3.489405673,9999,9999,9999,9999,9999,9999,9999,9999,7.8875,0.507131537,4,4.232
0.891786249,35.57192014,-3.15,-0.16,-3.1,-0.43,-11.72,9999,9999,9999,9999,9999,9999,9999,9999,9999,9999,9999,9999,9999,9999,9999,-7.229851303,21.46966418,9999,9999,9999,9999,9999,9999,9999,9999,9999,9999,9999,9999,9999,9999,-7.229851303,21.46966418,6.38,0.156739812,1,5.084
-3.883351735,52.7726145,5.56,0,0,20,0,9999,9999,9999,9999,9999,9999,9999,9999,9999,9999,9999,9999,9999,9999,9999,9999,9999,9999,9999,9999,9999,9999,9999,9999,9999,9999,9999,9999,9999,9999,9999,9999,9999,13.44,0.148809524,2,4.672
1.892063148,35.08779328,-4.37,-0.14,-3.12,-0.4,-16.01,-1,9999,9999,9999,9999,9999,9999,9999,9999,9999,9999,9999,9999,9999,9999,9999,9999,9999,9999,9999,9999,9999,9999,9999,9999,9999,9999,9999,9999,9999,9999,9999,9999,16.375,0.244274809,4,5.206
-2.086806801,49.09957274,5.56,0,0,20,0,1,9999,9999,9999,9999,9999,9999,9999,9999,9999,9999,9999,9999,9999,9999,9999,9999,9999,9999,9999,9999,9999,9999,9999,9999,9999,9999,9999,9999,9999,9999,9999,9999,15.7925,0.253284787,4,4.781
1.667576613,35.15527968,-5.61,-0.66,3.14,0.03,-21.62,-1,9999,9999,9999,9999,9999,9999,9999,9999,-0.048343455,14.4181985,9999,9999,9999,9999,-3.014555598,4.893257376,9999,9999,9999,9999,9999,9999,9999,9999,-0.048343455,14.4181985,9999,9999,9999,9999,-3.014555598,4.893257376,14.50666667,0.206801471,3,4.042
-5.984495175,61.00422206,5.56,0,0,20,0,9999,9999,9999,9999,9999,9999,9999,9999,9999,9999,9999,9999,9999,9999,9999,9999,9999,9999,9999,9999,9999,9999,9999,9999,9999,9999,9999,9999,9999,9999,9999,9999,9999,15.05,0.132890365,2,8.691
-1.270667367,64.56906982,4.39,1.01,-0.03,-0.58,18.03,9999,9999,9999,9999,9999,9999,9999,9999,9999,9999,9999,9999,9999,9999,9999,9999,9999,9999,9999,9999,9999,9999,9999,9999,9999,9999,9999,9999,9999,9999,9999,9999,9999,12.77,0.078308536,1,5.578
-1.270667367,64.56906982,4.39,1.01,-0.03,-0.58,18.03,9999,9999,9999,9999,9999,9999,9999,9999,9999,9999,9999,9999,9999,9999,9999,9999,9999,9999,9999,9999,9999,9999,9999,9999,9999,9999,9999,9999,9999,9999,9999,9999,9999,18.26492112,0.054749757,1,5.578
-4.175955381,55.85790564,5.56,0,0,20,0,9999,9999,9999,9999,9999,9999,9999,9999,9999,9999,9999,9999,9999,9999,9999,-1.563281136,28.10195904,9999,9999,9999,9999,9999,9999,9999,9999,9999,9999,9999,9999,9999,9999,-1.563281136,28.10195904,11.34857143,0.616817724,7,4.656
-4.459114049,64.38125874,5.56,0,0,20,0,9999,9999,9999,9999,9999,9999,9999,9999,9999,9999,9999,9999,9999,9999,9999,9999,9999,9999,9999,9999,9999,9999,9999,9999,9999,9999,9999,9999,9999,9999,9999,9999,9999,18.99,0.263296472,5,3.778
-3.387274052,64.89360087,2.71,-0.94,0.17,1.29,7.32,9999,4.86831919,-27.76666899,9999,9999,9999,9999,9999,9999,9999,9999,9999,9999,9999,9999,9999,9999,4.86831919,-27.76666899,9999,9999,9999,9999,9999,9999,9999,9999,9999,9999,9999,9999,9999,9999,13.86333333,0.432796345,6,5.014
-0.138265012,64.98220277,5.56,0,0,20,0,1,7.902277898,-22.74698438,9999,9999,9999,9999,0.357680398,-1.683900461,9999,9999,9999,9999,9999,9999,9999,9999,7.902277898,-22.74698438,9999,9999,9999,9999,0.357680398,-1.683900461,9999,9999,9999,9999,9999,9999,9999,9999,15.38222222,0.585091014,9,5.154
-2.9968137,63.9747784,4.13,-2.05,-0.04,-0.39,10.41,9999,9999,9999,9999,9999,9999,9999,9999,9999,-0.30048931,2.220455622,9999,9999,9999,9999,9999,9999,9999,9999,9999,9999,9999,9999,9999,9999,-0.30048931,2.220455622,9999,9999,9999,9999,9999,9999,15.18833333,0.395040053,6,6.254
-2.9968137,63.9747784,4.13,-2.05,-0.04,-0.39,10.41,9999,9999,9999,9999,9999,9999,9999,9999,9999,-0.30048931,2.220455622,9999,9999,9999,9999,9999,9999,9999,9999,9999,9999,9999,9999,9999,9999,-0.30048931,2.220455622,9999,9999,9999,9999,9999,9999,18.26492112,0.054749757,1,6.255
0.753556411,35.70765192,-5.08,-0.62,3.11,0.72,-19.84,-1,9999,9999,9999,9999,9999,9999,9999,9999,9999,9999,-4.411419018,-4.512813919,9999,9999,-6.123051752,2.851530864,9999,9999,9999,9999,9999,9999,9999,9999,9999,9999,-4.411419018,-4.512813919,9999,9999,-6.123051752,2.851530864,9.213333333,0.325615051,3,4.833
1.990990499,35.23521584,-6.65,0.6,3.11,0.61,-22.64,-1,9999,9999,9999,9999,9999,9999,9999,9999,9999,9999,9999,9999,-4.123391434,1.745227575,-6.5443846,31.58966933,9999,9999,9999,9999,9999,9999,9999,9999,9999,9999,9999,9999,-4.123391434,1.745227575,-6.5443846,31.58966933,10.16,0.098425197,1,4.741
3.627991874,35.50651379,-4.26,0.46,-3.12,-0.27,-14.34,9999,9999,9999,9999,9999,9999,9999,9999,9999,9999,9999,9999,9999,9999,9999,9999,9999,9999,9999,9999,9999,9999,9999,9999,9999,9999,9999,9999,9999,9999,9999,9999,9999,9.98,0.100200401,1,5.593
2.172264649,35.29388821,-6.92,-0.32,-3.13,-0.28,-25.61,-1,9999,9999,9999,9999,9999,9999,0.042125157,-1.991584549,9999,9999,9999,9999,9999,9999,9999,9999,9999,9999,9999,9999,9999,9999,0.042125157,-1.991584549,9999,9999,9999,9999,9999,9999,9999,9999,17.85,0.112044818,2,4.954
-0.087104715,35.16728018,-6.49,-1.04,-3.14,-0.15,-25.76,-1,9999,9999,9999,9999,9999,9999,9999,9999,9999,9999,9999,9999,9999,9999,9999,9999,9999,9999,9999,9999,9999,9999,9999,9999,9999,9999,9999,9999,9999,9999,9999,9999,13.335,0.149981252,2,5.829
-3.916334331,62.86407379,5.56,0,0,20,0,9999,9999,9999,9999,9999,9999,9999,9999,9999,9999,9999,9999,9999,9999,9999,9999,9999,9999,9999,9999,9999,9999,9999,9999,9999,9999,9999,9999,9999,9999,9999,9999,9999,21.7875,0.183591509,4,4.807
0.757384683,35.03711326,1.38,-2.11,-3.13,-0.07,-10.03,9999,9999,9999,9999,9999,9999,9999,9999,9999,-0.253800547,1.650967276,9999,9999,9999,9999,9999,9999,9999,9999,9999,9999,9999,9999,9999,9999,-0.253800547,1.650967276,9999,9999,9999,9999,9999,9999,6.98,0.143266476,1,6.379
-0.645293217,64.97032509,8.37,0.47,0.09,2.73,31.02,2,9999,9999,9999,9999,9999,9999,9999,9999,9999,9999,9999,9999,9999,9999,9999,9999,9999,9999,9999,9999,9999,9999,9999,9999,9999,9999,9999,9999,9999,9999,9999,9999,18.26492112,0.054749757,1,6.719
-4.108838475,60.28129262,5.56,667,0,20,0,9999,5.065005117,-18.31232275,9999,9999,9999,9999,9999,9999,9999,9999,9999,9999,9999,9999,9999,9999,5.065005117,-18.31232275,9999,9999,9999,9999,9999,9999,9999,9999,9999,9999,9999,9999,9999,9999,19.1375,0.209013717,4,6.51
-4.108838475,60.28129262,5.56,0,0,20,0,9999,5.065005117,-18.31232275,9999,9999,9999,9999,9999,9999,9999,9999,9999,9999,9999,9999,9999,9999,5.065005117,-18.31232275,9999,9999,9999,9999,9999,9999,9999,9999,9999,9999,9999,9999,9999,9999,18.26492112,0.054749757,1,6.51
-0.067930831,35.28719598,-8.49,-1.41,-3.14,-0.1,-33.64,-1,9999,9999,9999,9999,9999,9999,0.012702482,-18.30006751,9999,9999,9999,9999,9999,9999,9999,9999,9999,9999,9999,9999,9999,9999,0.012702482,-18.30006751,9999,9999,9999,9999,9999,9999,9999,9999,15.39833333,0.38965256,6,5.512
-3.642587931,61.70853039,5.56,651,0,20,0,9999,9999,9999,9999,9999,1.904229524,3.869198714,1.129328395,-9.220104976,9999,9999,9999,9999,9999,9999,9999,9999,9999,9999,9999,9999,1.904229524,3.869198714,1.129328395,-9.220104976,9999,9999,9999,9999,9999,9999,9999,9999,17.795,0.561955606,10,7.429
-3.642587931,61.70853039,5.56,0,0,20,0,9999,9999,9999,9999,9999,1.904229524,3.869198714,1.129328395,-9.220104976,9999,9999,9999,9999,9999,9999,9999,9999,9999,9999,9999,9999,1.904229524,3.869198714,1.129328395,-9.220104976,9999,9999,9999,9999,9999,9999,9999,9999,18.26492112,0.054749757,1,7.429
0.031112667,64.90831271,6.65,1.27,0.09,2.31,26.94,2,9999,9999,9999,9999,9999,9999,9999,9999,9999,9999,9999,9999,9999,9999,9999,9999,9999,9999,9999,9999,9999,9999,9999,9999,9999,9999,9999,9999,9999,9999,9999,9999,18.53333333,0.161870504,3,7.895
4.403829593,35.18594544,-5.07,-0.7,3.07,1.45,-19.9,9999,1.63449826,-44.49120296,9999,9999,9999,9999,9999,9999,9999,9999,9999,9999,9999,9999,-4.51822673,20.49657952,1.63449826,-44.49120296,9999,9999,9999,9999,9999,9999,9999,9999,9999,9999,9999,9999,-4.51822673,20.49657952,15.79,0.443318556,7,4.876
-1.443727043,64.37045587,7.46,-1.44,0.02,0.59,23.76,1,9999,9999,9999,9999,9999,9999,9999,9999,9999,9999,9999,9999,9999,9999,9999,9999,9999,9999,9999,9999,9999,9999,9999,9999,9999,9999,9999,9999,9999,9999,9999,9999,16.54666667,0.181305399,3,5.522
-1.443727043,64.37045587,7.46,-1.44,0.02,0.59,23.76,1,9999,9999,9999,9999,9999,9999,9999,9999,9999,9999,9999,9999,9999,9999,9999,9999,9999,9999,9999,9999,9999,9999,9999,9999,9999,9999,9999,9999,9999,9999,9999,9999,18.26492112,0.054749757,1,5.522
-3.500000421,64.36706592,5.54,-0.02,0.08,1.54,19.84,9999,7.468115609,-8.609462384,9999,9999,9999,9999,9999,9999,1.06778751,19.03414315,9999,9999,9999,9999,9999,9999,7.468115609,-8.609462384,9999,9999,9999,9999,9999,9999,1.06778751,19.03414315,9999,9999,9999,9999,9999,9999,15.6325,0.255877179,4,4.489
-3.500000421,64.36706592,5.54,-0.02,0.08,1.54,19.84,9999,7.468115609,-8.609462384,9999,9999,9999,9999,9999,9999,1.06778751,19.03414315,9999,9999,9999,9999,9999,9999,7.468115609,-8.609462384,9999,9999,9999,9999,9999,9999,1.06778751,19.03414315,9999,9999,9999,9999,9999,9999,18.26492112,0.054749757,1,4.489
3.766258371,35.44231789,-6.34,-1.85,-3.13,-0.23,-26.81,9999,9999,9999,9999,9999,9999,9999,9999,9999,9999,9999,9999,9999,9999,9999,9999,9999,9999,9999,9999,9999,9999,9999,9999,9999,9999,9999,9999,9999,9999,9999,9999,9999,12.38,0.323101777,4,7.012
3.766258371,35.44231789,-6.34,-1.85,-3.13,-0.23,-26.81,9999,9999,9999,9999,9999,9999,9999,9999,9999,9999,9999,9999,9999,9999,9999,9999,9999,9999,9999,9999,9999,9999,9999,9999,9999,9999,9999,9999,9999,9999,9999,9999,9999,18.26492112,0.054749757,1,7.013
1.13155728,35.1878159,-5.4,-0.13,-3.06,-1.64,-19.66,9999,9999,9999,9999,9999,9999,9999,0.116071787,-1.223793884,9999,9999,9999,9999,9999,9999,9999,9999,9999,9999,9999,9999,9999,9999,0.116071787,-1.223793884,9999,9999,9999,9999,9999,9999,9999,9999,18.26492112,0.054749757,1,10.491
1.654016115,35.31467003,5.56,0,0,20,0,9999,9999,9999,9999,9999,9999,9999,9999,9999,-0.371648788,3.624748596,9999,9999,9999,9999,-5.67546881,21.50576799,9999,9999,9999,9999,9999,9999,9999,9999,-0.371648788,3.624748596,9999,9999,9999,9999,-5.67546881,21.50576799,9.93,0.100704935,1,8.494
1.654016115,35.31467003,5.56,0,0,20,0,9999,9999,9999,9999,9999,9999,9999,9999,9999,-0.371648788,3.624748596,9999,9999,9999,9999,-5.67546881,21.50576799,9999,9999,9999,9999,9999,9999,9999,9999,-0.371648788,3.624748596,9999,9999,9999,9999,-5.67546881,21.50576799,18.26492112,0.054749757,1,8.495
1.734889233,35.2013793,-3.46,-0.8,-3.08,-0.88,-14.19,-2,9999,9999,9999,9999,1.968383175,11.08401627,0.459276706,-8.278881851,-0.638034604,2.001425745,9999,9999,9999,9999,9999,9999,9999,9999,9999,9999,1.968383175,11.08401627,0.459276706,-8.278881851,-0.638034604,2.001425745,9999,9999,9999,9999,9999,9999,18.098,0.276273621,5,7.237
-0.967431089,64.76908352,5.87,0.09,0.18,3.73,21.01,9999,9999,9999,9999,9999,9999,9999,9999,9999,-0.132215507,2.061831976,9999,9999,9999,9999,9999,9999,9999,9999,9999,9999,9999,9999,9999,9999,-0.132215507,2.061831976,9999,9999,9999,9999,9999,9999,17.124,0.291987853,5,4.769
-0.967431089,64.76908352,5.87,0.09,0.18,3.73,21.01,9999,9999,9999,9999,9999,9999,9999,9999,9999,-0.132215507,2.061831976,9999,9999,9999,9999,9999,9999,9999,9999,9999,9999,9999,9999,9999,9999,-0.132215507,2.061831976,9999,9999,9999,9999,9999,9999,18.26492112,0.054749757,1,4.769
1.035234076,35.63562743,5.56,0,0,20,0,0,9999,9999,9999,9999,9999,9999,9999,9999,9999,9999,9999,9999,9999,9999,9999,9999,9999,9999,9999,9999,9999,9999,9999,9999,9999,9999,9999,9999,9999,9999,9999,9999,14.67333333,0.408905043,6,6.249
1.035234076,35.63562743,5.56,0,0,20,0,0,9999,9999,9999,9999,9999,9999,9999,9999,9999,9999,9999,9999,9999,9999,9999,9999,9999,9999,9999,9999,9999,9999,9999,9999,9999,9999,9999,9999,9999,9999,9999,9999,18.26492112,0.054749757,1,6.249
-4.172807722,64.36595692,3.4,0.34,0.01,0.15,13,9999,9999,9999,9999,9999,2.459292151,13.54835966,9999,9999,9999,9999,9999,9999,9999,9999,9999,9999,9999,9999,9999,9999,2.459292151,13.54835966,9999,9999,9999,9999,9999,9999,9999,9999,9999,9999,20.72333333,0.289528712,6,6.579
-4.172807722,64.36595692,3.4,0.34,0.01,0.15,13,9999,9999,9999,9999,9999,2.459292151,13.54835966,9999,9999,9999,9999,9999,9999,9999,9999,9999,9999,9999,9999,9999,9999,2.459292151,13.54835966,9999,9999,9999,9999,9999,9999,9999,9999,9999,9999,18.26492112,0.054749757,1,6.579
-2.359105696,61.11132925,5.56,0,0,20,0,0,9999,9999,9999,9999,9999,9999,9999,9999,9999,9999,9999,9999,9999,9999,9999,9999,9999,9999,9999,9999,9999,9999,9999,9999,9999,9999,9999,9999,9999,9999,9999,9999,21.68333333,0.415065334,9,4.713
-3.65245959,63.97371915,8.13,4.48,0.04,1.44,38.74,9999,9999,9999,9999,9999,9999,9999,0.089087914,-1.152013376,-0.988640891,72.59963799,9999,9999,9999,9999,9999,9999,9999,9999,9999,9999,9999,9999,0.089087914,-1.152013376,-0.988640891,72.59963799,9999,9999,9999,9999,9999,9999,17.355,0.460962259,8,4.954
4.210852683,35.12282564,-4.55,0.49,3.13,0.22,-15.28,9999,2.634716379,-33.80507979,9999,9999,9999,9999,9999,9999,9999,9999,-2.219201782,-17.91402204,9999,9999,9999,9999,2.634716379,-33.80507979,9999,9999,9999,9999,9999,9999,9999,9999,-2.219201782,-17.91402204,9999,9999,9999,9999,16.72,0.657894737,11,6.186
-3.82243133,61.70827292,5.56,0,0,20,0,9999,9999,9999,9999,9999,2.168982076,3.66530234,9999,9999,-0.075840448,0.551646212,9999,9999,9999,9999,9999,9999,9999,9999,9999,9999,2.168982076,3.66530234,9999,9999,-0.075840448,0.551646212,9999,9999,9999,9999,9999,9999,18.26492112,0.054749757,1,10.932
-1.629900268,64.96865187,3.74,-1.24,-0.04,-0.46,10.72,4,9999,9999,9999,9999,9999,9999,9999,9999,9999,9999,-2.162566817,-3.802813122,-2.391294257,-2.147642365,9999,9999,9999,9999,9999,9999,9999,9999,9999,9999,9999,9999,-2.162566817,-3.802813122,-2.391294257,-2.147642365,9999,9999,19.87714286,0.352163289,7,10.931
-4.163754397,46.03839059,5.56,0,0,20,0,9999,9999,9999,9999,9999,9999,9999,9999,9999,9999,9999,9999,9999,9999,9999,9999,9999,9999,9999,9999,9999,9999,9999,9999,9999,9999,9999,9999,9999,9999,9999,9999,9999,16.51,0.726832223,12,5.527
-4.032286614,64.36618854,3.86,-0.57,-0.02,-0.24,15.26,9999,9999,9999,9999,9999,9999,9999,9999,9999,9999,9999,9999,9999,9999,9999,9999,9999,9999,9999,9999,9999,9999,9999,9999,9999,9999,9999,9999,9999,9999,9999,9999,9999,2.51,0.398406375,1,5.023
-4.032286614,64.36618854,3.86,-0.57,-0.02,-0.24,15.26,9999,9999,9999,9999,9999,9999,9999,9999,9999,9999,9999,9999,9999,9999,9999,9999,9999,9999,9999,9999,9999,9999,9999,9999,9999,9999,9999,9999,9999,9999,9999,9999,9999,18.26492112,0.054749757,1,5.024
1.520778555,35.3818098,-3.29,0.02,3.14,0.04,-11.78,0,9999,9999,9999,9999,9999,9999,0.041437827,-3.006918959,9999,9999,-3.122023284,-15.47125196,9999,9999,9999,9999,9999,9999,9999,9999,9999,9999,0.041437827,-3.006918959,9999,9999,-3.122023284,-15.47125196,9999,9999,9999,9999,11.53,0.520381613,6,9.006
-3.778571526,57.13386597,5.56,0,0,20,0,9999,9999,9999,9999,9999,9999,9999,0.148166298,-1.383797008,9999,9999,9999,9999,9999,9999,9999,9999,9999,9999,9999,9999,9999,9999,0.148166298,-1.383797008,9999,9999,9999,9999,9999,9999,9999,9999,18.26492112,0.054749757,1,5.626
1.182396579,35.38022587,-7.08,-0.4,3.12,0.55,-26.39,-1,4.527623323,-21.2262894,9999,9999,9999,9999,0.255520613,-3.521981112,9999,9999,9999,9999,9999,9999,9999,9999,4.527623323,-21.2262894,9999,9999,9999,9999,0.255520613,-3.521981112,9999,9999,9999,9999,9999,9999,9999,9999,12.38,0.403877221,5,6.695
-1.220268275,64.37082431,9.57,1.59,0,0.01,37.95,1,4.23536321,-6.753360501,9999,9999,9999,9999,9999,9999,9999,9999,9999,9999,9999,9999,9999,9999,4.23536321,-6.753360501,9999,9999,9999,9999,9999,9999,9999,9999,9999,9999,9999,9999,9999,9999,16.154,0.309520862,5,6.377
-1.220268275,64.37082431,9.57,1.59,0,0.01,37.95,1,4.23536321,-6.753360501,9999,9999,9999,9999,9999,9999,9999,9999,9999,9999,9999,9999,9999,9999,4.23536321,-6.753360501,9999,9999,9999,9999,9999,9999,9999,9999,9999,9999,9999,9999,9999,9999,18.26492112,0.054749757,1,6.378
3.705233654,35.70038323,-5.93,0.04,-3.08,-1.23,-21.22,9999,9999,9999,9999,9999,9999,9999,9999,9999,9999,9999,9999,9999,9999,9999,9999,9999,9999,9999,9999,9999,9999,9999,9999,9999,9999,9999,9999,9999,9999,9999,9999,9999,12.42666667,0.241416309,3,4.834
3.705233654,35.70038323,-5.93,0.04,-3.08,-1.23,-21.22,9999,9999,9999,9999,9999,9999,9999,9999,9999,9999,9999,9999,9999,9999,9999,9999,9999,9999,9999,9999,9999,9999,9999,9999,9999,9999,9999,9999,9999,9999,9999,9999,9999,18.26492112,0.054749757,1,4.835
-3.194397045,64.56586622,6.73,4.24,0.01,0.3,33.14,9999,9999,9999,9999,9999,9999,9999,9999,9999,9999,9999,9999,9999,9999,9999,9999,9999,9999,9999,9999,9999,9999,9999,9999,9999,9999,9999,9999,9999,9999,9999,9999,9999,14.65363636,0.750666915,11,5.556
-3.194397045,64.56586622,6.73,4.24,0.01,0.3,33.14,9999,9999,9999,9999,9999,9999,9999,9999,9999,9999,9999,9999,9999,9999,9999,9999,9999,9999,9999,9999,9999,9999,9999,9999,9999,9999,9999,9999,9999,9999,9999,9999,9999,18.26492112,0.054749757,1,5.557
1.17116657,35.01930428,-3.12,-0.12,-3.11,-0.42,-11.49,-2,9999,9999,9999,9999,9999,9999,9999,9999,9999,9999,-4.811859318,-17.99067893,9999,9999,-21.06479663,120.3330732,9999,9999,9999,9999,9999,9999,9999,9999,9999,9999,-4.811859318,-17.99067893,9999,9999,-21.06479663,120.3330732,20.236,0.247084404,5,7.022
3.937797677,36.02789916,-4.2,-0.05,-3.09,-0.74,-15.22,9999,9999,9999,9999,9999,9999,9999,9999,9999,9999,9999,9999,9999,9999,9999,9999,9999,9999,9999,9999,9999,9999,9999,9999,9999,9999,9999,9999,9999,9999,9999,9999,9999,23.035,0.086824398,2,11.86
3.937797677,36.02789916,-4.2,-0.05,-3.09,-0.74,-15.22,9999,9999,9999,9999,9999,9999,9999,9999,9999,9999,9999,9999,9999,9999,9999,9999,9999,9999,9999,9999,9999,9999,9999,9999,9999,9999,9999,9999,9999,9999,9999,9999,9999,18.26492112,0.054749757,1,11.86
-0.879294824,35.83084377,-2.33,-5.29,-3,-2.8,-19.28,-2,9999,9999,9999,9999,9999,9999,9999,9999,9999,9999,9999,9999,9999,9999,-3.857567816,14.71732736,9999,9999,9999,9999,9999,9999,9999,9999,9999,9999,9999,9999,9999,9999,-3.857567816,14.71732736,18.26492112,0.054749757,1,5.999
4.198678208,35.12454399,-4.74,1.42,-3.08,-0.86,-13.96,9999,9999,9999,9999,9999,9999,9999,9999,9999,9999,9999,9999,9999,9999,9999,9999,9999,9999,9999,9999,9999,9999,9999,9999,9999,9999,9999,9999,9999,9999,9999,9999,9999,30.65333333,0.097868639,3,4.428
4.198678208,35.12454399,-4.74,1.42,-3.08,-0.86,-13.96,9999,9999,9999,9999,9999,9999,9999,9999,9999,9999,9999,9999,9999,9999,9999,9999,9999,9999,9999,9999,9999,9999,9999,9999,9999,9999,9999,9999,9999,9999,9999,9999,9999,18.26492112,0.054749757,1,4.429
-4.101952593,64.76381099,4.27,2.93,-0.04,-0.82,21.49,9999,9999,9999,9999,9999,8.028525938,6.604893896,0.107423635,-0.790644452,9999,9999,9999,9999,9999,9999,9999,9999,9999,9999,9999,9999,8.028525938,6.604893896,0.107423635,-0.790644452,9999,9999,9999,9999,9999,9999,9999,9999,12.04,0.415282392,5,6.037
-4.101952593,64.76381099,4.27,2.93,-0.04,-0.82,21.49,9999,9999,9999,9999,9999,8.028525938,6.604893896,0.107423635,-0.790644452,9999,9999,9999,9999,9999,9999,9999,9999,9999,9999,9999,9999,8.028525938,6.604893896,0.107423635,-0.790644452,9999,9999,9999,9999,9999,9999,9999,9999,18.26492112,0.054749757,1,6.037
4.010252034,35.57090717,-6.34,-0.76,-3.12,-0.47,-24.42,9999,9999,9999,9999,9999,9999,9999,9999,9999,9999,9999,9999,9999,9999,9999,9999,9999,9999,9999,9999,9999,9999,9999,9999,9999,9999,9999,9999,9999,9999,9999,9999,9999,18.26492112,0.054749757,1,4.844
4.010252034,35.57090717,-6.34,-0.76,-3.12,-0.47,-24.42,9999,9999,9999,9999,9999,9999,9999,9999,9999,9999,9999,9999,9999,9999,9999,9999,9999,9999,9999,9999,9999,9999,9999,9999,9999,9999,9999,9999,9999,9999,9999,9999,9999,18.26492112,0.054749757,1,4.844
4.343057255,35.48653971,-9.65,-8.46,3.13,0.55,-53.7,9999,9999,9999,9999,9999,9999,9999,9999,9999,9999,9999,9999,9999,9999,9999,-1.903909885,45.2039872,9999,9999,9999,9999,9999,9999,9999,9999,9999,9999,9999,9999,9999,9999,-1.903909885,45.2039872,14.68538462,0.88523388,13,5.827
3.598258194,47.71848345,5.56,22,0,20,0,9999,9999,9999,9999,9999,9999,9999,9999,9999,-0.004814165,0.224698522,9999,9999,9999,9999,9999,9999,9999,9999,9999,9999,9999,9999,9999,9999,-0.004814165,0.224698522,9999,9999,9999,9999,9999,9999,10.30666667,0.291073739,3,5.967
3.598258194,47.71848345,5.56,0,0,20,0,9999,9999,9999,9999,9999,9999,9999,9999,9999,-0.004814165,0.224698522,9999,9999,9999,9999,9999,9999,9999,9999,9999,9999,9999,9999,9999,9999,-0.004814165,0.224698522,9999,9999,9999,9999,9999,9999,18.26492112,0.054749757,1,5.968
0.378688542,63.82299777,8.4,-3.4,0.04,0.97,22.8,9999,9999,9999,9999,9999,9999,9999,9999,9999,9999,9999,9999,9999,-3.293469446,-1.818753174,-6.629502068,57.57351176,9999,9999,9999,9999,9999,9999,9999,9999,9999,9999,9999,9999,-3.293469446,-1.818753174,-6.629502068,57.57351176,20.65666667,0.290463127,6,4.442
3.75259291,35.25103082,-4.4,-0.49,3.12,0.34,-16.87,9999,9999,9999,9999,9999,9999,9999,9999,9999,-0.063427024,1.863449308,9999,9999,9999,9999,9999,9999,9999,9999,9999,9999,9999,9999,9999,9999,-0.063427024,1.863449308,9999,9999,9999,9999,9999,9999,14.82,0.472334683,7,7.315
3.75259291,35.25103082,-4.4,-0.49,3.12,0.34,-16.87,9999,9999,9999,9999,9999,9999,9999,9999,9999,-0.063427024,1.863449308,9999,9999,9999,9999,9999,9999,9999,9999,9999,9999,9999,9999,9999,9999,-0.063427024,1.863449308,9999,9999,9999,9999,9999,9999,18.26492112,0.054749757,1,7.315
1.625039201,35.56570487,-5.78,-4.66,-3.1,-1.36,-34.45,-1,9999,9999,9999,9999,9999,9999,9999,9999,9999,9999,-9.068381364,-10.04574057,9999,9999,9999,9999,9999,9999,9999,9999,9999,9999,9999,9999,9999,9999,-9.068381364,-10.04574057,9999,9999,9999,9999,17.321,0.577333872,10,5.268
1.776265231,35.38300579,-2.24,-0.24,-3.05,-0.87,-9.06,0,9999,9999,9999,9999,9999,9999,9999,9999,9999,9999,9999,9999,9999,9999,-4.244277364,6.217299217,9999,9999,9999,9999,9999,9999,9999,9999,9999,9999,9999,9999,9999,9999,-4.244277364,6.217299217,18.3375,0.436264485,8,5.609
-2.053525299,64.41580079,9.45,0.94,-0.05,-1.85,35.97,0,9999,9999,9999,9999,9999,9999,9999,9999,0.38022505,51.70449151,9999,9999,9999,9999,9999,9999,9999,9999,9999,9999,9999,9999,9999,9999,0.38022505,51.70449151,9999,9999,9999,9999,9999,9999,21.62166667,0.277499422,6,4.866
2.685343506,39.1393325,-7.25,-5.25,-3.07,-2.93,-38.64,9999,9999,9999,9999,9999,9999,9999,0.389705385,-9.568874635,9999,9999,9999,9999,9999,9999,9999,9999,9999,9999,9999,9999,9999,9999,0.389705385,-9.568874635,9999,9999,9999,9999,9999,9999,9999,9999,14.60222222,0.616344544,9,5.515
1.631004654,35.02141654,-2.93,-2.19,-3.1,-0.51,-13.69,-1,9999,9999,9999,9999,9999,9999,9999,9999,-0.432475984,24.48080628,9999,9999,9999,9999,-5.629237265,17.77890821,9999,9999,9999,9999,9999,9999,9999,9999,-0.432475984,24.48080628,9999,9999,9999,9999,-5.629237265,17.77890821,12.85,0.155642023,2,2.592
1.759266277,36.41707986,-3.35,-0.15,-3.12,-0.23,-12.84,-1,9999,9999,9999,9999,9999,9999,9999,9999,9999,9999,-4.143641716,-18.27831985,9999,9999,9999,9999,9999,9999,9999,9999,9999,9999,9999,9999,9999,9999,-4.143641716,-18.27831985,9999,9999,9999,9999,19.566,0.511090667,10,4.085
1.655346801,35.7512681,-7.77,-2.93,-3.1,-1.41,-35.1,9999,9999,9999,9999,9999,9999,9999,9999,9999,9999,9999,-9.882670647,-8.713113004,9999,9999,9999,9999,9999,9999,9999,9999,9999,9999,9999,9999,9999,9999,-9.882670647,-8.713113004,9999,9999,9999,9999,18.03285714,0.388180306,7,4.192
0.062345551,35.01421175,-6.24,-2.37,3.11,0.84,-28.35,9999,1.973055505,-9.655954521,9999,9999,9999,9999,9999,9999,9999,9999,9999,9999,9999,9999,9999,9999,1.973055505,-9.655954521,9999,9999,9999,9999,9999,9999,9999,9999,9999,9999,9999,9999,9999,9999,17.58,0.284414107,5,8.46
-1.443446057,35.18664555,-7.01,-0.86,3,3.77,-26.94,-1,9999,9999,9999,9999,9999,9999,9999,9999,9999,9999,9999,9999,9999,9999,9999,9999,9999,9999,9999,9999,9999,9999,9999,9999,9999,9999,9999,9999,9999,9999,9999,9999,17.94333333,0.33438603,6,5.009
0.978352742,35.19787135,2.33,-3.17,-2.83,-1,-3.07,9999,9999,9999,9999,9999,9999,9999,9999,9999,9999,9999,9999,9999,9999,9999,9999,9999,9999,9999,9999,9999,9999,9999,9999,9999,9999,9999,9999,9999,9999,9999,9999,9999,15.245,0.262381109,4,4.797
-2.737808579,64.72421662,5.37,3.1,-0.03,-0.7,27.9,4,9999,9999,9999,9999,9999,9999,9999,9999,9999,9999,9999,9999,9999,9999,9999,9999,9999,9999,9999,9999,9999,9999,9999,9999,9999,9999,9999,9999,9999,9999,9999,9999,16.201,0.617245849,10,5.344
1.840366294,35.38330587,-3.15,0.52,-2.99,-1.57,-10.04,-1,9999,9999,9999,9999,9999,9999,9999,9999,9999,9999,-6.47796212,-23.29029133,9999,9999,9999,9999,9999,9999,9999,9999,9999,9999,9999,9999,9999,9999,-6.47796212,-23.29029133,9999,9999,9999,9999,15.67333333,0.191407912,3,5.533
1.384777075,35.29021914,-7.72,-1.62,-3.11,-0.86,-31.44,0,9999,9999,9999,9999,1.686666485,9.776611287,9999,9999,9999,9999,9999,9999,9999,9999,9999,9999,9999,9999,9999,9999,1.686666485,9.776611287,9999,9999,9999,9999,9999,9999,9999,9999,9999,9999,23.455,0.170539331,4,6.669
-0.885587475,35.37054826,-5.59,-1.67,-3.14,-0.02,-24.19,9999,6.860984593,-5.017536794,9999,9999,9999,9999,9999,9999,9999,9999,9999,9999,9999,9999,9999,9999,6.860984593,-5.017536794,9999,9999,9999,9999,9999,9999,9999,9999,9999,9999,9999,9999,9999,9999,15.91333333,0.565563469,9,6.064
5.144712051,64.20325806,4.39,0.38,0.03,0.83,23.8,9999,9999,9999,9999,9999,9999,9999,9999,9999,9999,9999,9999,9999,9999,9999,-4.352804496,21.13860296,9999,9999,9999,9999,9999,9999,9999,9999,9999,9999,9999,9999,9999,9999,-4.352804496,21.13860296,19.688,0.253961804,5,6.927
-1.452664098,35.09668802,-6.39,-1.87,3.06,2.26,-27.65,-1,18.58359,-135.9096775,9999,9999,9999,9999,9999,9999,9999,9999,9999,9999,9999,9999,9999,9999,18.58359,-135.9096775,9999,9999,9999,9999,9999,9999,9999,9999,9999,9999,9999,9999,9999,9999,17.774,0.281309778,5,5.235
-2.932777879,64.72139024,4.99,0.24,-0.02,-0.34,18.53,4,9999,9999,9999,9999,9999,9999,9999,9999,9999,9999,9999,9999,9999,9999,-6.489918998,53.39410643,9999,9999,9999,9999,9999,9999,9999,9999,9999,9999,9999,9999,9999,9999,-6.489918998,53.39410643,19.97714286,0.350400458,7,5.668
-3.404918019,47.5156387,5.56,0,0,20,0,2,9999,9999,9999,9999,9999,9999,9999,9999,9999,9999,9999,9999,9999,9999,9999,9999,9999,9999,9999,9999,9999,9999,9999,9999,9999,9999,9999,9999,9999,9999,9999,9999,20.11666667,0.149130075,3,4.416
1.515341206,35.75060008,-7.89,-1.93,3.12,0.88,-33.86,9999,9999,9999,9999,9999,9999,9999,9999,9999,1.023818067,4.673061327,-5.428130688,-4.979800902,9999,9999,9999,9999,9999,9999,9999,9999,9999,9999,9999,9999,1.023818067,4.673061327,-5.428130688,-4.979800902,9999,9999,9999,9999,21.0925,0.189640868,4,9.062
-3.019143169,64.72013831,36.31,-16.18,-0.03,-1.92,69.89,0,9999,9999,9999,9999,9999,9999,9999,9999,-0.026381784,1.347350856,9999,9999,9999,9999,-1.801304754,49.67131891,9999,9999,9999,9999,9999,9999,9999,9999,-0.026381784,1.347350856,9999,9999,9999,9999,-1.801304754,49.67131891,20.94222222,0.42975382,9,6.135
1.782440671,36.22446048,-3.93,-0.92,-3.05,-1.67,-17.29,-1,9999,9999,9999,9999,9999,9999,9999,9999,0.002112058,2.88083497,-6.740420912,-7.416273076,9999,9999,9999,9999,9999,9999,9999,9999,9999,9999,9999,9999,0.002112058,2.88083497,-6.740420912,-7.416273076,9999,9999,9999,9999,12.94666667,0.463439753,6,6.834
4.364127117,35.21357494,-5.69,-1.84,3.11,0.8,-26.1,9999,9999,9999,9999,9999,9999,9999,9999,9999,9999,9999,9999,9999,9999,9999,-10.53721045,6.580346554,9999,9999,9999,9999,9999,9999,9999,9999,9999,9999,9999,9999,9999,9999,-10.53721045,6.580346554,16.60285714,0.42161418,7,6.067
1.348267476,35.02011777,-3.49,-0.12,-3.1,-0.55,-12.81,-2,9999,9999,9999,9999,9999,9999,9999,9999,1.264552931,35.57244557,9999,9999,9999,9999,-2.790752301,2.659238987,9999,9999,9999,9999,9999,9999,9999,9999,1.264552931,35.57244557,9999,9999,9999,9999,-2.790752301,2.659238987,16.91,0.177409817,3,1.872
4.974648321,35.21640778,-3.67,-0.03,-3.08,-0.81,-13.31,9999,9999,9999,9999,9999,9999,9999,9999,9999,9999,9999,-4.696869224,-3.911905887,9999,9999,9999,9999,9999,9999,9999,9999,9999,9999,9999,9999,9999,9999,-4.696869224,-3.911905887,9999,9999,9999,9999,16.40555556,0.54859465,9,5.583
4.550202986,35.39599524,-5.65,-2.03,-3.13,-0.31,-25.99,9999,9999,9999,9999,9999,9999,9999,9999,9999,9999,9999,9999,9999,-3.214996779,0.669959562,9999,9999,9999,9999,9999,9999,9999,9999,9999,9999,9999,9999,9999,9999,-3.214996779,0.669959562,9999,9999,18.317,0.545940929,10,6.278
5.085912416,50.0852364,5.56,0,0,20,0,9999,9999,9999,9999,9999,9999,9999,9999,9999,9999,9999,9999,9999,9999,9999,9999,9999,9999,9999,9999,9999,9999,9999,9999,9999,9999,9999,9999,9999,9999,9999,9999,9999,17.96,0.222717149,4,4.369
4.769451177,36.92371105,-3.99,-1.09,-3.11,-0.58,-17.43,9999,9999,9999,9999,9999,9999,9999,-0.018643392,-0.013331099,9999,9999,9999,9999,9999,9999,9999,9999,9999,9999,9999,9999,9999,9999,-0.018643392,-0.013331099,9999,9999,9999,9999,9999,9999,9999,9999,15.75888889,0.571106254,9,10.776
1.400715918,35.56464476,-7.48,-0.71,3.12,0.59,-28.66,-1,4.475953405,-15.90261513,9999,9999,9999,9999,9999,9999,0.360544831,2.073457524,9999,9999,9999,9999,9999,9999,4.475953405,-15.90261513,9999,9999,9999,9999,9999,9999,0.360544831,2.073457524,9999,9999,9999,9999,9999,9999,18.605,0.107497984,2,5.424
1.264837796,35.01973454,-3.75,-0.4,3.12,0.32,-14.46,-2,9999,9999,9999,9999,2.917228429,10.82670655,9999,9999,9999,9999,9999,9999,9999,9999,-4.889911071,29.58230312,9999,9999,9999,9999,2.917228429,10.82670655,9999,9999,9999,9999,9999,9999,9999,9999,-4.889911071,29.58230312,13.665,0.292718624,4,8.273
3.909638097,35.57650432,-6.71,-5.9,3.11,1.09,-40.45,9999,9999,9999,9999,9999,3.924494378,6.355918884,-1.31387311,-23.01226363,9999,9999,9999,9999,9999,9999,9999,9999,9999,9999,9999,9999,3.924494378,6.355918884,-1.31387311,-23.01226363,9999,9999,9999,9999,9999,9999,9999,9999,10.47363636,1.050256054,11,9.299
